/*Data for the table `car` */

insert  into `car`(`carid`,`name`,`plate_num`,`type`,`status`,`origin`,`company`) values ('003c60bb098308b0f6526e56bee91840','小型普通客车','沪C5W616','大众途观','Y','CT04','1024'),('00f9501528c143e050f19fb7a8a710ce','公务用车','沪C3Z798','江淮HFC6500A1C8F','Y','CT02','1006'),('01D14F60-EE1D-458F-B2EF-63B2CFC56762','江铃全顺面包车','沪C28738','江铃全顺15座面包车','Y','CT04','1016'),('01e9b9c917212ef82145dd4ce07cf330','别克轿车','沪ATR351','SGW7165ATC','Y','CT04','1004'),('01fce44b-f739-431f-95d5-98324bb83380','旅行车','沪A/WL298','江淮HFC6500A1C8F','Y','CT02','1015'),('02c0c412058b5a9776ab2945bd1eb664','旅行车','沪D/F 5079','依维柯宝迪客车NJ6713TR1（24座）','Y','CT02','1009'),('02cc790a-eb99-40dc-9bc9-290977873fca','轿车','辽A7129P','长安福特','Y','CT04','1007'),('030878ef-43a6-4fb4-b132-73a0c7c51243','轿车','京LP8965','丰田凯美瑞','Y','CT04','1007'),('031322898713c7d618fe118e66363a66','公务用车','沪CJN345','江淮HFC6500A1C8F','Y','CT02','1006'),('0370ae0c-69a5-440a-867e-d7417f33cfbc','小货车','沪GH-0397','依维柯','Y','CT01','1015'),('03de7352f0a67b4a1b09a0a224669628','轻型客车','粤B384M1','北京现代','Y','CT02','1017'),('03f18670-342b-4c50-9804-1a79c1e1f6b0','中型客车','青H-58850','金杯牌','Y','CT04','1015'),('041d84b6a775becd333354f5ec6cc0f6','皮卡','沪AXF851','东风牌ZN1022U2X','Y','CT01','1024'),('045864580326f388f6458ee89c783598','长城小型客车','沪C8L442','CC6460RM01','Y','CT04','1004'),('047cc39fc25512c2a5664e09ccca51a8','轿车','沪CGR851','桑塔纳SVW7182QQD','Y','CT02','1015'),('0506176e-1664-46db-ad97-e32b1b8dbae5','轻型货车','沪AYB679','江铃顺达','Y','CT03','1014'),('0653BE15-4985-4DA8-A447-25AF0F61A437','轿车','沪CTD221','帕萨特','Y','CT04','1003'),('077ad3dcd07ba248ddb01604826bbf6b','双排座汽车','沪N67260','NJ1046LGSAB','Y','CT01','1023'),('0807f79927b8341df9dd993a16055baf','公务用车','沪CLM622','江淮HFC6500A1C8F','Y','CT02','1006'),('08394034-c251-40da-b198-40ca48892e16','货车','沪AXV987','依维柯NJ1044AFCZS','Y','CT03','1016'),('088828f33ef2b5d5f5b8c163a93262d1','皮卡','沪AXK892','东风牌ZN1022U2X','Y','CT01','1024'),('09af9204715a91941ebfc779bac887fc','双排座载货车','沪GH1219','NJ1047SFN6-T','Y','CT01','1015'),('0a322f4c-57f4-4cdc-b0dc-d398aa95dd41','面包车','沪A-WC110','江淮瑞鹰','Y','CT04','1006'),('0a5c9b7a77d7b7a6d030ee960b1ebda8','双排座货车','沪AXF868','依维柯NJ1047SFN6','Y','CT01','1022'),('0a976159-c8aa-41a8-8cfa-43e6f31093df','双排座','沪AWB782','依维柯','Y','CT01','1003'),('0a9cd959-47f5-4810-a371-aee1bb27e701','面包车','沪C/36Q26','江铃牌JX6469LA','Y','CT04','1009'),('0aa9926a-4975-43a9-9311-42662164e10b','面包车','沪M89015','桑塔纳SVW7182QQD','Y','CT04','1025'),('0b227d46-414a-48b6-8253-85fed2618115','面包车','苏AW2K30','东风菱智','Y','CT04','1005'),('0b2c447541258f2d8f3f68d940cc8873','轿车','沪C-PL851','江淮HFC6500A1C8F','Y','CT02','1006'),('0bd91fc95fe424858bcc26221a21c1b4','旅行车','沪AWL298','江淮HFC6500A1C8F','Y','CT02','1015'),('0ccc5b3e-2e3c-4b50-a97b-d83755d9af04','面包车','川DCY081','五菱牌LZW6376NF','Y','CT04','1022'),('0d8091581e82c497138f5d34bfcdd2d7','小型普通客车','沪C/SS 283','江淮牌HFC6500A3C7F','Y','CT04','1009'),('0daccda21fb1b63c8322a0907362168b','小型轿车','苏J/ 6E086','桑塔纳牌SVW7162AMD','Y','CT04','1009'),('0e196b07-f639-4708-97e4-9231d6fa82b1','轿车','辽AS91C1','一汽马自达','N','CT04','1001'),('0e1c4913-edba-4005-8c47-9d6f2835da24','面包车','粤GLT020','东风牌LZ6461AQFE','Y','CT04','1025'),('0e646d1c5e79724d868a624f6203b2be','小轿车','沪AWC067','别克（BUICK）SGM7302GS','Y','CT02','1006'),('0EACFFBB-E167-45EC-A765-6DD5B3627AF4','轿车','粤BA18K0','雪铁龙','Y','CT04','1003'),('0EF89767-388E-4CD3-960B-B15F7D4E0232','依维柯厢式货车','沪AUC229 ','NJ5044XY2A','Y','CT03','1016'),('0f5f9652-6f1a-431a-834a-9cd5f7ac23d9','小客车','蒙C-QD655','五菱牌','Y','CT04','1015'),('0f90bdf550f9f8c3d92d970af795ce10','轿车','粤B3ER70','别克','Y','CT02','1017'),('0fb4290114010f31bd06fe212a7b3aba','大众轿车','沪C8S162','FV7187FBDWG','Y','CT04','1004'),('10021a1bf7605bfa9c93a0f87b0a9ba8','吉普车','粤B-81V05','华泰圣达菲 SDH6450F','Y','CT02','1008'),('1047987C-BDAD-498D-B484-1CA8D38806D5','轻型普通货车','粤G-J2258','吉奥GA1021','Y','CT03','1008'),('1075e49f15e98736a77150199a4d21fe','小型普通客车','沪C30186','金杯客车','Y','CT04','1024'),('11bb039cee0acd72db649c57256e059c','轿车','沪ASN610','桑塔那SVW7182QQD','Y','CT02','1006'),('11f56ff142218157f09656a5af4d5e5a','小轿车','沪AJV377','SGM7302GS','Y','CT02','1006'),('1222d7ef-d60a-4ba7-8bf6-92ea5c625ec7','小轿车','沪C64337','桑塔纳牌SVW7182QQD','Y','CT04','1022'),('12526234-77f4-40d8-8b6d-3f2bd7bb2621','面包车','粤GLT023','东风牌LZ6512AQ3SN','Y','CT04','1025'),('1297f267-5f35-4e06-95bc-8db15668719d','小轿车','沪C879Z0','大众汽车牌SVW71612RS','N','CT04','1022'),('12ab1b7b-7bad-4c9c-8631-db02c64e6a71','面包车','川DCW165','长安牌SC6399D4Y','Y','CT04','1022'),('12C4C9B5B67646CA91809E57616313FD',' 小轿车 ','沪C447Y1','志俊','Y','CT04','1024'),('1319ba6b-754b-44e5-8ec7-6ef18855d4ca','旅行车','沪M98785','逍客SUV ','N','CT02','1006'),('1354DFC6-B658-4132-B03E-4420AFB2A6AD','轻型普通货车','粤G-J1790','吉奥GA1021','Y','CT03','1008'),('13C11DEF503F465C9003074D914C7EDF','丰田轿车','苏CY957F','CA64604TGE5','Y','CT04','1004'),('13c71d1f5ba03bd0c0c5d29e8934e7bb','金杯','苏AS7Z75','海狮','Y','CT04','1005'),('1407e179-d397-4443-8f36-1a31261d943a','小轿车','沪A-VH033','桑塔纳志俊','Y','CT04','1023'),('16113378818755595484efcdc3bc2bc6','桑塔纳','苏AS078X','志俊','N','CT04','1001'),('16b0f821303005a63656d8544ad5f05c','小型客车','沪F-53367','SY6483N3','Y','CT02','1015'),('16d64f4388aee5e6b37c97af98d8f5a4','载重货车','沪BG8363','东风DFL1250A9','Y','CT01','1015'),('1765bcc3-104d-4cf3-a961-75fcd720bdb9','小轿车','苏ATB188','别克凯越','Y','CT04','1005'),('1782b203-9e26-4732-bde6-50497f7ca324','小轿车','湘J7S116','别克凯越','Y','CT04','1024'),('17bfe29d8a2994cb04435f0e19e05a84','旅行车','苏A-Z8089','依维柯NJ6606SFF6','Y','CT02','1006'),('187ec996-4250-4f5b-8abb-8cd314c444c3','小货车','沪AWK883','NJ1047FN6','Y','CT01','1025'),('189f4cdd79eb6ed6b03b01062c116826','轻型客车','粤BT92P3','北京现代BH6430AY','Y','CT02','1006'),('18c5884e-24ae-4620-849d-454ec71c02f2','面包车','沪C/36Q11','江铃牌JX6469LA','Y','CT04','1009'),('195c1ee8bac774fdc6254b6035252b5d','轿车','沪F35171','奥迪FV742AT','Y','CT02','1015'),('1a25d5300dfe75ee6818e251df99a2a4','旅行车','沪BJ0502','SGM6510GL8','Y','CT02','1004'),('1af299d1-d8a4-45af-95ab-8ae98d26db20','小轿车','沪AZA579','帕萨特','Y','CT04','1003'),('1c43d4806244d923d82b40011c42cb3c','双排座货车','沪MK0278','依维柯NJ1047SFN6','N','CT01','1001'),('1c549de7-c7a4-4390-ae93-f720a810d73d','小客车','新MSK608','骐铃牌','Y','CT04','1011'),('1cba849809ce7d2c7430e12bdec599d2','公务用车','沪J-A6358','奥迪AUDIFV7201TFCVTG','Y','CT02','1023'),('1d11b9513a56cda2e331bce0d16ef467','小轿车','沪E-49382','奥迪FV7301CVT','Y','CT02','1006'),('1d2bf4f77bcc61cd05efdce5ca2995fd','轿车','粤J8B292','皮 卡','Y','CT02','1006'),('1d8e86101740cb0d1883ec47ee6bfb76','公务用车','辽A2681H','金杯SY6513XS1H','Y','CT02','1007'),('1e52bcd4839cd9f300429cbd3545e0e5','轿车','沪A-312A2','辉腾4.2L加长','Y','CT02','1006'),('1e85526b767e44925ab0d8906bfdaba0','双排座载货车','沪GH0391','NJ1047SFN6-T','Y','CT01','1015'),('1eefd93e92910bd667a261487070d610','旅行车','沪C-FR136','江淮HFC6500A1C8F','Y','CT02','1006'),('1efd5d76d8f2b51d21c49600f4115c3c','客车','沪D/F 5168','依维柯NJ6713TR1','Y','CT02','1009'),('1f66a1ec-0a63-43a7-b076-ea8c0fc2e532','小货车','蒙C-GZ655','扬子牌皮卡','Y','CT03','1015'),('209c69d099edaca07633b5d6e0676a4f','轿车','沪K-T8306','奥迪audi fv7281fatg','Y','CT02','1017'),('215477f5-feb3-43cc-92eb-367efd9860e9','越野车','粤BY3B88','越野车','Y','CT04','1027'),('21c01a5fce2b4a737601df93e64fd419','轿车','沪CQA066','帕萨特SVW7183SJD','Y','CT02','1006'),('21f6a828-151c-4336-b362-5f6c350f96ec','双排座汽车','沪AUJ578','江铃JX1040TSG23','Y','CT01','1016'),('223d3ed0-107b-4fc3-ad0d-9f8fecf7dc3f','小轿车','苏A9ZC37','大众帕萨特','Y','CT04','1005'),('229eeaf0be5f886292bae9bb8b21cfdb','双排座货车','苏A180Q3','依维柯NJ1047SFN6','Y','CT01','1005'),('22ae3369a7a844a14695544de6256112','旅行车','沪AXK869','别克SGM6512   GL8','Y','CT02','1022'),('22bff430dc698817b23f1acaec25a868','小轿车','苏AC1S02','东风标致301','N','CT04','1001'),('231588386f2bacdf47cb7ccc0029b27f','旅行车','沪CGB136','江淮HFC6500A1C8F','Y','CT02','1015'),('236fbd0c-958a-4857-a2d2-f36b906cc8bb','面包车','苏J/Z4360','江铃全顺牌JX6477D-M','Y','CT04','1009'),('23e75c5df8e55a6116fb72788a0b1ee9','半挂汽车','沪A-83952','EQ3141G','Y','CT01','1004'),('245a844e7183cc02281b5e08ee3da330','大众轿车','沪NB6723','SVW718010HJ','Y','CT04','1004'),('2479e7c0-117d-43ef-9fc6-6c17f44e423d','小轿车','津NM5888','雪铁龙','Y','CT04','1003'),('2535ee5009ca81f073860a6d6bcd5a97','双排座货车','沪M86798','依维柯NJ1047SFN6','N','CT01','1001'),('25767728f1d02a2c9e3c66bea211e8d8','小轿车','沪AWK083','奥迪A8 L3.0','N','CT02','1006'),('26539B1D-8F55-44D2-A3FF-59BA2E9AD4F5','轻型普通货车','沪A-TS982','江铃顺达JX1041','Y','CT03','1008'),('2662540d-bbcb-4236-ac01-24b5176ea86e','小轿车','沪H-R2929','帕萨特','Y','CT02','1015'),('266636bd-b534-4be1-a828-daef84f24b8f','商务车','川AOKM27','别克牌SGN6529ATA ','Y','CT04','1019'),('26694c6eae308609fa607cac47ebfb52','公务用车','沪CMG470','帕萨特SVW7183SJ','Y','CT02','1006'),('269e4816-c74c-48f4-9028-72f9728047ca','面包车','苏FE301M','金杯SY6513UISIBH','Y','CT04','1016'),('2714a99b-9510-4703-baef-931d7bb0882e','小轿车','沪CVG163','桑塔纳','Y','CT04','1024'),('27932A68-DC74-4EEA-B37C-E46303D55EF2','越野车','沪C8J557','本田CRV','Y','CT04','1003'),('27a6ea6e-1ab5-495b-b84f-4c7d452acffe','小轿车','沪BAGK291','荣威CSA7200ACV','N','CT04','1004'),('27BA5CCF-CA2E-40A1-BF68-0DECFEBF476D','轿车','沪KT1612','朗逸','Y','CT04','1003'),('27d95015269138359b3df933da84afc2','公务用车','沪CHL248','桑塔纳SVW7182QQD','Y','CT02','1015'),('280d1b5f314edb2a5a1ef54961a3d1c9','哈弗小型客车','豫GA4W99','CC6461RM01','Y','CT04','1004'),('282e5eaf8d3b05ade2b0f0ddee253467','轿车','苏A-YQ921','东风日产逍客DFL7201AC','Y','CT02','1006'),('285b0817ac988f9ea54b9c2d76c2455a','公务用车','沪MD8115','江淮HFC6500A1C8F','Y','CT02','1006'),('28bc005c579333ea388a2f6ff973f25e','轿车','沪CHL337','桑塔纳SVW7182QQD','Y','CT02','1015'),('292cd654-3dc0-4311-bea6-3dee6e65ad82','面包车','苏AY998B','五菱微型面包车','Y','CT04','1025'),('2983c4e208b949fa23ec76975254d1aa','客车','沪B-89107','依维柯NJ6606SFF6','Y','CT02','1003'),('29b36ade-4194-436d-a81a-bacd1c15e1ea','小轿车','沪B44H55','大众帕萨特','Y','CT04','1024'),('2a6a2a71-d311-470d-9ad3-2622dc57c302','小轿车','浙H0865J','吉利','Y','CT04','1024'),('2a751fa5e70550baccce048c3209179f','小型轿车','浙BY7C90 ','凌派牌HG7180GAA4 ','Y','CT04','1022'),('2a890e1d0d581ce5f5f9eb548e19a064','公务用车','沪APU182','帕萨特SVW7203VPD','Y','CT02','1006'),('2aa7769bec7e181a59700c2a96424c13','双排座汽车','沪A-WC975','ZN5021XXYD2G','Y','CT01','1008'),('2b56ce39-98ef-4ccd-9ec3-19dab30e218a','小轿车','苏AZ6R65','别克君威','Y','CT04','1005'),('2d35b8fc57d5a0785f13932fa82fda33','轿车','沪K73125','桑塔那SVW7182QQD','Y','CT02','1010'),('2ec596eb44094acf8634c40665b1ba03','轻型普通货车(皮卡)','苏AN0F33','吉奥牌GA1021CTE4','Y','CT03','1022'),('2ec9d2d4-1b76-442d-84e1-7301be96941b','小轿车','沪ASU311','大众帕萨特','Y','CT04','1024'),('301a74d1590ebc3d9b451b1de5f65f30','小型普通客车','沪N/A 9603','大众汽车牌SVW6440HGD','Y','CT04','1009'),('308137bd4131c9aee3d2c61a2ad32d82','双排座汽车','沪J-25922','江铃JX1020TS3','Y','CT01','1023'),('30B9C2F8126D45FC91F0CAA52315354C','小轿车','蒙6L376','广本','Y','CT04','1027'),('31552cb6dacde379c2c87cf4499fe9d0','轿车','沪C3Z787','东风日产逍客DFL7201AC','Y','CT02','1006'),('317f3ca12c7aa9226c8f06e605ac9da4','轿车','粤AQ330H','奥迪AUDI FV7241FCVTG','Y','CT02','1017'),('31becc95-80b3-4ead-adfa-b734b69a6416','中型客车','辽E-13941','江淮牌','Y','CT03','1015'),('322ad50d1aa2b865b48321e4162693eb','小型普通客车','沪C/ LD010','江淮牌HFC6500A3C7F','Y','CT04','1009'),('32463b4735e6c8cc7003c16ed8d099d7','小轿车','沪CEV801','桑塔纳SVW7182CQi','Y','CT02','1005'),('325a01676e7cecab50ead4f12ae49b72','轻型普通货车','沪A/TF 652','东风牌ZN1033U2T4','Y','CT03','1009'),('3289837f3197ac0ee224fc3129a32037','小型轿车','沪CHD313','大众汽车牌SVW71810HJ','Y','CT04','1022'),('348374b6952384ef6d7315383a2df4eb','中型客车','沪FK2806','SY6483N3','Y','CT02','1014'),('34e7c2d1bbe20e18ea6bbec4772f7301','旅行车','沪DE8272','依维柯得意NJ6606SFF6（17座）','Y','CT02','1006'),('3554FB8E-783C-44D2-BE33-84690BE5BC80','轿车','沪KW3202临','帕萨特','N','CT04','1001'),('3567d4d775f3369703885e65d55db2aa','轿车','沪C-PL291','桑塔纳SVW7182QQD','Y','CT02','1006'),('35b4c985-4fe7-4571-b20c-c79a3733265e','小轿车','渝B8X671','桑塔纳2000','Y','CT04','1003'),('35ead620bba5f892f3aecbac4d51f1e9','小轿车','沪C-FV516','BUICKSGM7032GS','Y','CT02','1006'),('35f4880c29310298abdbd4f389755cc9','皮卡','冀BZL532','黄海牌DD1022G','Y','CT01','1022'),('363b8f9a0c1b3b26d1b4fc37db2313cc','公务用车','沪A-QP283','帕萨特SVW7203VPD','Y','CT02','1006'),('368cee684cd858e6c1df7a604822974f','中型普通客车','沪C/ 05289','金杯牌SY6521X4S3BG','Y','CT04','1009'),('3690a13ba194a166572e8beed0c98893','双排座汽车','苏A8G561','NJ1046LGSAB','Y','CT01','1005'),('3759d4691fe91df1fbe37635f9c83162','公务用车','沪AWC353','帕萨特SVW7203VPD','Y','CT02','1006'),('37BA7C4D-C2B8-4494-89A6-C381EFBD6D18','面包车','粤G03A68','瑞风7座','Y','CT04','1003'),('37f20e50e38eb5c187920e17238fdf62','小轿车','苏A91K16','荣威550','Y','CT04','1005'),('3840dd03-9099-4bac-82a2-57c61bcf3150','小轿车','苏AK62D7','福特福克斯','Y','CT04','1005'),('38575D7F-F64F-4D60-BDAE-D12ADA476169','中型客车','73B00038','现代','Y','CT04','1003'),('38882e67-f841-42c6-ab5c-e872d6d04429','轻型货车','沪BBT876','江铃顺达','Y','CT03','1014'),('38A71648-BDB0-4895-B533-38441ABF6B69','轿车','湘KAE236','桑塔纳','N','CT04','1001'),('393c29763c591bb9c15c45ede0fbc2cb','公务用车','苏A-109K7','帕萨特SVW7203VPD','Y','CT02','1006'),('394fee468ac19a2068557cef4ac65e1d','轿车','沪CPL762','江淮HFC6500A1C8F','Y','CT02','1006'),('39785270-1F73-4418-8BB5-58C0AC4E134B','小型普通客车','沪A-NP986','别克商务（GL8）','Y','CT04','1008'),('3a75d25a5ed6f743c14ed12f6012b7e4','小轿车','沪E-55739','奥迪FV7301CVT','Y','CT02','1006'),('3a8ca85a0b0069e6c6c94ae98bd010f3','轿车','粤CFU266','凯越','Y','CT02','1017'),('3aabf9fc-a82d-4f52-8e39-6442c5b74f4b','中型客车','新M48084','金杯 海狮','Y','CT04','1011'),('3ad75886-0cbd-4449-ba95-0f7fb406546b','面包车','甘A.ZO692','五菱宏光','Y','CT04','1011'),('3b5d328a-1a7c-4513-ae57-c2c8fd0524d3','小客车','粤CJE165','江淮LJ16AA239A7047','Y','CT04','1004'),('3ba531cf-1059-490a-bb2a-da40c967c874','皮卡车','甘A.RP033','北汽皮卡','Y','CT04','1011'),('3bbcfc3a42be4c7ddb247bdfe1390f93','轻型普通货车','粤G/E 7713','东风牌ZN1033U2T4','Y','CT03','1009'),('3c5ff1f7-3d55-45bd-8701-37c056b3e2a0','小轿车','沪EY8581','大众帕萨特','Y','CT04','1014'),('3c8769cc714b52d2fee0cf8eb6bc2f89','公务用车','沪C-FK147','东风日产DFL7201AC','Y','CT02','1006'),('3d6b6eaf572334f7997c14e0535a145b','公务用车','沪CKF170','江淮HFC6500A1C8F','Y','CT02','1006'),('3d972abd-85d5-46ad-9137-4b5e2986bb89','小型普通客车','苏A3DX13','东风牌2N6494H2N4','Y','CT04','1012'),('3dd87e6c2116385beb779d6ac68ffcab','本田 ','苏AG606A','CR-V','Y','CT04','1005'),('3E061C2B-CDE7-4577-BB33-5509BFAB44F4','面包车','苏NZ9087','瑞风11座','N','CT04','1001'),('3e10d89167427941d88f865dd3ee865c','公务用车','苏E-J7757','依维柯NJ6606SFF6','Y','CT02','1015'),('3e59d70b0a32843dcb6a961b67cd713d','旅行车','沪KH1383','别克商务GL8  3.0L','Y','CT02','1018'),('3e6b1ee4-4a8a-4e33-8198-ccdbb095509e','小轿车','新MV8330','本田 雅阁','Y','CT04','1011'),('3f12d387f048991009d4e145b4794d1f','轿车','沪M78961','桑塔纳SVW7182QQD','Y','CT02','1006'),('3fd097a5-dbb8-425e-b81e-9eced1edc207','面包车','沪DF7682','SH6492','Y','CT02','1016'),('40403e36-2de4-42f9-b84f-66f16cec7304','商务车','沪P-VP053','别克GL82.4L','Y','CT04','1023'),('40676022-5E8C-4418-A679-F064436F8630','桑塔纳轿车','苏DA828Q','SVW6440FGD','Y','CT04','1016'),('407d26458d2c66b1825aeee2496867fd','轻型客车','粤BT76N1','北京现代BH6430AY','Y','CT02','1006'),('4097ea6ad98db8721bf6362dee5023fd','旅行车','沪EL2351','别克GL8','Y','CT02','1006'),('41192ddaca132951a8123c7177d99d44','旅行车','沪DF7841','依维柯NJ6606SFF6','Y','CT02','1006'),('414b2832de06d46ba68d25a94a868d5c','双排座汽车','沪E-24463','NJ1046LGSAB','Y','CT01','1023'),('41517348-2c5b-47d4-bf37-443d8042fc8f','货车','沪A-WK558','东风皮卡','N','CT01','1001'),('416042d3-7b37-4dcb-8f45-886aa32ef7cb','商务车','苏AZ5B99','本田奥德赛','Y','CT04','1005'),('41622d24-3127-4fe9-9656-8e763896d875','小轿车','苏J/N8733','哈弗牌CC6480TMOB','Y','CT04','1009'),('42309913-ef1b-4ffe-8809-ad62c8fa722d','小轿车','沪ASU123','大众帕萨特','Y','CT04','1024'),('42d21d6ad36ad954bc2317bf6a3bb252','公务用车','沪CHF141','桑塔纳SVW7182Q','Y','CT02','1014'),('4399F76F-E4CA-4FAB-9AE8-DD18EC522E6F','轿车','沪C6X620','起亚','Y','CT04','1003'),('442992E5-CCF4-4D15-9C23-3BF8AAD4897A','越野车','苏ED28F9','江铃驭胜','Y','CT04','1003'),('446ef770-b479-4598-81f7-94dbc43ba22b','小轿车','沪EY1222','大众朗逸','Y','CT04','1014'),('45bb717bd3bc961c316471d99362ccb7','旅行车','苏AIN530','金杯锐驰2.2标配','Y','CT02','1005'),('46054562-6F8C-2475-401F-F1D32D7542E3','别克轿车','沪ATR867','SGM7242ATA','Y','CT03','1004'),('46a18dbd9d6ec815a4790dc56ab1c905','小轿车','沪E-49361','奥迪FV7301CVT','Y','CT02','1006'),('46c515c3650558078c0ae7491175afb0','旅行车','沪KH9692','BUICKSGM6517GL8','Y','CT02','1006'),('46de084fc5a2088cb1e0d072be2b3017','小型普通客车','沪C/LC 961','江淮牌HFC6500A3C7F','Y','CT04','1009'),('46df2e476e0f989f756407988395cb9f','轿车','沪C-HL321','桑塔那SVW7182QQD','Y','CT02','1006'),('47a4bc1108ac55cbf4afdd3f624bce41','公务用车','沪CLM587','江淮HFC6500A1C8F','Y','CT02','1006'),('47ae1db6595097f33fb336c270fcc626','桑塔纳','苏A6079S','新款桑塔纳','Y','CT04','1005'),('47b8dadb3be3127684e9789b51b26f21','公务用车','辽A92E17','别克商务SGM6520ATA','Y','CT02','1007'),('49207597-402e-45f8-9335-f61a6762a184','小轿车','苏AYQ921','东风日产牌DFL7201AC','Y','CT02','1025'),('4933b3cc-ceda-4eba-85fe-44bdee5320a5','小轿车','苏E535EA','桑塔纳','Y','CT04','1016'),('49C48460-409F-BD08-31B6-BAFDC47F2E6A','长城皮卡','沪ASX279','长城CC1031PA4P','Y',NULL,'1004'),('49dc88bb-67d0-4efd-8fda-5b4efab146a3','商务车','沪C-PL762','瑞丰','Y','CT04','1023'),('4a68894d58d91c2159d2431a6c544a7c','旅行车','沪E-F8352','BUICK SGM6510GL8','Y','CT02','1016'),('4b0cceb8-8667-40e5-a31d-397af3a49deb','小轿车','粤A9MJ44','桑塔纳','N','CT04','1017'),('4b467b29-3dd5-47cc-a134-18f394fe4ff9','小轿车','青A 2P333','别克：SGM7200EAA2','Y','CT04','1011'),('4b5f127ee4167a662dbc18e1af60657e','小轿车','沪A-XK338','桑塔纳SVW7180CCEI','Y','CT02','1008'),('4c0191e4-fe26-4a7e-b387-c3eecc56ba01','小货车','沪AUJ310','依维柯NJ5046XXY5S','Y','CT01','1025'),('4d2b658ff81c86e4624a7a693c17a88f','金杯','苏AK9Q82','海狮','Y','CT04','1005'),('4e247430-6b1e-4e2a-af42-d0707d2c233c','小货车','沪AWL831','江铃JX1040TSG23','Y','CT01','1025'),('4E3AA977-34E1-4274-B753-E6F95BEA6F8B','轿车','浙A339R6','海马','N','CT04','1001'),('4e3bd8ea-750a-4208-9ac4-6babb262430e','越野车','沪CVL229','汉兰达2.7L','Y','CT04','1011'),('4e448fbd3e687d33613ff1be650ec80f','小型普通客车','60B01314','江铃全顺牌JX6466DF-M','Y','CT04','1009'),('4e967c5d7789e80c7914bf21e3ff434f','桑塔纳','苏AT7N17','新款桑塔纳','Y','CT04','1005'),('4f28d69c142f574280db2c37a1e217e7','旅行车','沪HQ0560','别克商务GL8陆尊3.0L','Y','CT02','1020'),('503c1df5-c5f3-4cdb-ab9d-2b2f16c8b24a','面包车','粤G52875','金杯SY6513W1S3BH','Y','CT04','1025'),('511168bdcdfa832f0afe4219e5c3b234','轿车','沪A-JM007','奥迪AUDI FV7241FCVTG','Y','CT02','1007'),('5221AC7D-55A7-4DE6-8A56-B372D065193F','轿车','津RG6874','雪铁龙','N','CT04','1001'),('522f3780-599a-40e2-9b26-75451d6738ff','商务车','苏EP59A2','别克GL8','Y','CT04','1025'),('527d90c1-62a7-42b7-bf4f-d726257209f4','皮卡','沪AWC829','尼桑','Y','CT01','1003'),('52e460643ce39713bf76cef6d7bde089','公务用车','沪KB7257','江淮HFC6500A1C8F','Y','CT02','1006'),('5312817f66651b691b96d6e5438a4fff','旅行车','粤GD1200','思威DHW6454B（本田CRV）','Y','CT02','1006'),('53429d8d28d0f54a71ebe0b77735e29d','中型普通货车','粤G/ 54301','依维柯牌NJ6484AC','Y','CT03','1009'),('53A46027-6200-4313-B6D5-22D742B2287B','轿车','辽B9R302','桑塔纳牌SVW7182QQD','Y','CT04','1007'),('5455f798d36907b943409d402fca1436','轻型普通货车','沪AAL988','福田皮卡','Y','CT03','1024'),('54680bac-aa4e-47e3-a6b5-c186cfc3012e','小客车','沪AY7542','江铃全顺','Y','CT04','1024'),('5564f2f6aaa85f4eaa0b1e8fdbc7749c','轻型普通货车','粤G/E 9077','东风牌ZN1033U2T4','Y','CT03','1009'),('55d0457ff4ed10a79d8c5637382bf428','轿车','粤AL7G69','捷达','Y','CT02','1017'),('56c8c3fbf1ca3c629133442305bec750','双排座货车','沪AFM011','依维柯NJ1047SFN6','Y','CT01','1003'),('570906AD-AEED-4876-B8F1-92C30070A272','轿车','沪CSJ381','桑塔纳','Y','CT04','1003'),('57090c16cea3541aa967e415f806ec71','公务用车','粤CL6089','桑塔纳SVW7182HQI','Y','CT02','1006'),('581cef48d1da608f9f2b2ae6f2171473','雪佛兰轿车','沪CL8681','SGM7203MTA','Y','CT04','1004'),('58695CC7-4600-549A-C5B6-479FA764B48B','江铃皮卡','沪ASS367','JX1020ISD4','Y','CT03','1004'),('58805724afe35cbf4e8e4ed110a32a5f','越野车','桂P-BY369','现代 BH6430MY','Y','CT02','1006'),('5889b24efff1c767698459357bedfd74','公务用车','粤C15546','依维柯NJ6593ER6','Y','CT02','1006'),('58932fbbf652b9eea0cb499007a2429e','小型普通客车','沪C/QJ 009','江淮牌HFC6500A3C7F','Y','CT04','1009'),('58bd5383-a218-4266-a5de-c1f80ac0560a','小轿车','沪LP2992','轿车','Y','CT04','1006'),('58c3726f539535a2a4cb8d780aa7bc3e','轿车','沪JA3712','奥迪AUDI FV7241FCVTG','Y','CT02','1014'),('58f77aacf343b67d1472117c34704d3f','轿车','沪J-R7866','奥迪AUDI FV7241FCVTG','Y','CT02','1006'),('58f8eed23addf90f929894f67ad02ab9','轿车','沪ARK070','桑塔纳ZVW7182QQD','Y','CT02','1006'),('59437C23-5769-4478-A741-929EC8C49D03','轿车','云A537E6','大众帕萨特“领域”1.8T自动档','Y','CT04','1019'),('5a060d18-6171-4ece-8f79-60e9e6d7022f','面包车','粤GLT016','东风牌LZ6461AQFE','Y','CT04','1025'),('5A4CDBF4-DCC9-4B07-A6DE-691C8FE42401','面包车','沪CRL816','瑞风7座','Y','CT04','1003'),('5a826411b073cd45aad3570e8cfe6f52','小轿车','沪KT3976','奥迪audi fv7241fcvtg','Y','CT02','1024'),('5b411524-f64d-45f1-91e3-032dfd0222e0','小客车','豫R53C95','斯巴鲁JF1GP26D','Y','CT04','1004'),('5ba4d1cd3bda813445fc34b8c90ff51b','小型普通客车','冀D/BY 987','江淮牌HFC6500A3C7BE3','Y','CT04','1006'),('5c8f23dc-53f6-409b-a1ec-2c00a59f76ef','小轿车','沪NF3830','志俊','Y','CT04','1016'),('5ce5744b-c691-4050-8a90-c396492287ea','面包车','沪C7J893','东风牌LZ6431BQEE','Y','CT04','1025'),('5cf15910-2a0d-47c6-86b9-8adba3e993ba','皮卡','沪AUJ398','江铃宝典JX1020TS3','Y','CT01','1016'),('5def8a85585e07fdcefe381a6a422104','小型轿车','沪C2F133 ','北京现代牌BH7202DAY','Y','CT04','1022'),('5E07737F-B542-4A81-A254-79D3409151D6','中型客车','75K0850','现代','Y','CT04','1003'),('5fa43722-6570-4c0d-be7f-3d009ad3abbf','面包车','沪C/525Z8','江铃客车','Y','CT04','1009'),('5fe55800026c8898fb696fc9cd4d3a26','金杯','苏AC5Y99','海狮','Y','CT04','1005'),('5fe8c4a380d362c61ab808f5f0b2664d','双排座汽车','苏A8G559','NJ1046LGSAB','Y','CT01','1005'),('60264ba0d806a5e050d56a0ad59aead4','双排座货车','沪AXK917','依维柯NJ1047SFN6','Y','CT01','1022'),('609da493-4e55-4765-a982-b92718d3f77d','小轿车','沪M01701','桑塔纳SVW7180LED','Y','CT04','1025'),('61665399641dae9ba8b204f89ba76936','金杯','苏AT9G78','海狮','Y','CT04','1005'),('61795e679ba590bdb91c69860b1ebe50','小型普通客车','沪C/JT 160','江淮牌HFC6500A3C7F','Y','CT04','1009'),('619c755be15fc56f12a79f4345f9cc2a','轿车','沪M-H9508','帕萨特SVW7183SJD','Y','CT02','1006'),('61a73ef0e9aa660de78488016bf79056','本田 ','苏A55G21','本田奥德赛','N','CT04','1001'),('623af0661f7a349cdc05b7c626b306a8','双排座汽车','沪D-73465','NJ1046LGSAB','Y','CT01','1023'),('627e90f95d871d6724464987569fc3f9','轿车','粤CTH901','凯美瑞','Y','CT02','1017'),('628af21cff0b7863ec4bab0d08429181','旅行车','沪D-81385','别克GL8','Y','CT02','1006'),('62fcdddba2f22846e431ca951497268d','轿车','苏ABH365','奥迪AUDI FV7241FCVTG','Y','CT02','1005'),('63140abce5e38caade9b549b3ba53b79','皮卡','沪AXK518','江铃宝典JX1020TS3','Y','CT01','1022'),('63592f72a22c58acc739beac35c04ab2','双排座汽车','沪H03367','皮卡郑州日产ZN5023XXYH2G3','Y','CT01','1014'),('635a6d9ada8492fd7cf5b231dcd62646','双排座汽车','沪E-D9206','ZN5021XXYD2G','Y','CT01','1014'),('63bfd4ee-1196-4e4e-997d-24d5397bf4f5','面包车','沪C/527Z2','江铃客车','Y','CT04','1009'),('641d6cb7-34f0-47a1-b2fc-2735e168bad7','双排座汽车','沪AWL083','江铃JX1040TSG23','Y','CT01','1016'),('6457c39f332368b0b1ebe8c88875877b','长城皮卡','桂P-BY918','长城CC1026ESD0C','Y','CT01','1001'),('6470bb38-490a-48e5-8227-7c8da9faa7b0','小货车','苏E-653HQ','依维柯牌','Y','CT03','1015'),('652869e982debce61c84c93c68761f78','双排座货车','沪KP3722','依维柯NJ1047SFN6','Y','CT01','1004'),('660f4026b394752a1bdc57fd16b861b5','小轿车','沪DT5697','别克君威SGM7302','Y','CT02','1006'),('66725d86-84f7-4706-bef4-2966f72588e6','ssss','123','abc','N','CT04','1001'),('66a42ef04fcb6a88b36ba795a3268ca0','桑塔纳轿车','沪L00917','志俊','Y','CT04','1016'),('6808cb4b469b4ab452915496f0d25a2d','皮卡','粤A390BE','东风牌ZN1022U2X','Y','CT01','1017'),('68ab341f796a87ba8ffb7a59c92f7b1b','轿车','辽A-79E61','迈腾FV7307FDDGG','Y','CT02','1007'),('68CD564B-0AA0-4A0F-BFFF-6D1B5A28BBE0','面包车','桂EF5577','瑞风7座','Y','CT04','1003'),('6923eb80a65c03b88c8563014ff5fa74','公务用车','沪BG0806','依维柯NJ6487SDE6','Y','CT02','1014'),('69473a285ce5294be1a6052c8f42496b','小型普通客车','沪FY0412','依维柯','Y','CT04','1024'),('69d325268ced7120c90b15e84b00a880','公务用车','沪A-MV601','江淮HFC6500A1C8F','Y','CT02','1006'),('6af31be7-0a88-4f18-a026-4ebe4478ec4c','小轿车','川AXR329','大众','Y','CT04','1019'),('6b0b2efe75d068ad07b3708ba26a609f','依维柯得意双排座货车','沪A/WK 879','NJ1047SFN6','Y','CT01','1009'),('6becedb58676a95fd6966bb28e321d12','双排座汽车','苏A8G580','NJ1046LGSAB','Y','CT01','1005'),('6c70cae9799f72993e21f7987a01aa8f','轿车','沪B-18753','桑塔纳2000','Y','CT02','1008'),('6D97D78B-A3DC-4D9E-BFB0-28B3AF8AB0AC','轿车','沪CXJ369','帕萨特','Y','CT04','1003'),('6e1d02115596931c338a12fc1c2a4b18','江淮小型客车','晋A423L8','HFC6470A3F','Y','CT04','1004'),('6ee4b83ea895883bed40c9468697b1fa','桑塔纳轿车','沪A811J5','SVW7180LED','Y','CT04','1004'),('6f4f63d300b16917f4ee7ce0a8b5fb6a','轿车','冀D-BY882','东风日产逍客DFL7201AC','Y','CT02','1006'),('6fed27e762be9484122edc9d8e4f907c','轿车','粤BK209J','北京现代BH6430AY','Y','CT02','1006'),('704781e8-76e7-49cd-b609-a7be5b6c8d95','面包车','沪CAG265','江淮','Y','CT04','1013'),('70dca9eb1548da97288e94d3c42668f7','轿车','沪AXK182','奥迪AUDI FV7241FCVTG','Y','CT02','1006'),('70fa6d60-f417-4c26-8200-0e836d93a65f','面包车','沪AY1898','江铃全顺','Y','CT04','1003'),('7206edcd-b802-4f71-82af-adbf84fc0be2','小轿车','粤G41A55','长城H6','Y','CT04','1003'),('7291944d-d2de-4780-9636-a65efed449ba','小轿车','苏M39321','比亚迪L5','Y','CT04','1003'),('72a3224d-649f-4060-a7cf-a8e9385c88e9','小轿车','沪AWG768','帕萨特','Y','CT04','1003'),('72e7256922200123085373e47f3702df','小型轿车','湘CH5971','北京现代牌BH7181PAY','Y','CT04','1022'),('731690641cf8608575110a42cc21c020','轿车','沪C-HL335','桑塔那SVW7182QQD','Y','CT02','1006'),('733e7dd9b69f781dd8771537b2b74148','面包车','沪CQG789.','江淮HFC6500A1C8F','Y','CT02','1006'),('7366e458-d229-4c94-82f2-adabeb31359b','小客车','吉BKP273','翼虎牌CAF6450A41','Y','CT04','1022'),('741cd09258a1cfd1e3761db7ec08bc6a','小轿车','琼O-00105','4500','Y','CT02','1004'),('74ebe3f6-7808-4676-940d-f0e02bd3c4a1','小型普通客车','新M5H773','江淮 瑞风','Y','CT04','1011'),('74ee335d-9033-4a8f-964d-c55a8857d98c','小货车','沪AUJ059','依维柯NJ1047SFN6-T','Y','CT01','1025'),('7504c3a20d271b1d7875b7c8ccc825bd','皮卡客货两用车','沪H39759','东风ZN1022U2X','Y','CT01','1010'),('7537fa13-7ebf-44c6-ab43-c0b77c9dc446','小轿车','粤B3V6E9','桑塔纳','N','CT04','1017'),('767ecae9-3b43-4934-8fc2-d2d191a26516','小轿车','粤A8NL39','桑塔纳','N','CT04','1017'),('767f20df1da8862529f569740b7cf88c','双排座货车','沪AXK171','依维柯NJ1047SFN6','Y','CT01','1022'),('76953e84-ba79-4911-8a1b-0516036d7c6e','小轿车','闵D-H138J','东方日产','N','CT04','1023'),('76be33b7c720b82b454d1e169563a5a2','商务车','沪J21988','江淮 HFC6470AR3F','Y','CT02','1014'),('7727beb0fdde0b99a9148a90d11d3c9d','小型客车','沪F-53325','DN6493K','Y','CT02','1015'),('7794034548fc3e414585eaac5455c7f2','旅行汽车','沪CDL287','金杯SY6504US1BH','Y','CT02','1022'),('77cd0d6439216687280e8b6faddafb11','中型普通客车','苏FZ8095 ','江铃全顺牌JX6466DE-M','N','CT04','1001'),('77f1a49f-b560-41e0-98f0-d35514119132','小轿车','苏AJ52G2','桑塔纳','Y','CT04','1005'),('7886101f-efd2-44e6-b061-dc84faa77c6b','越野车','粤B5D6S5','越野车','Y','CT04','1027'),('79a072665570dfb9aa5a19f4630ff4a9','轻型普通货车','粤G/E9718','东风牌ZN1033U2T4','Y','CT03','1009'),('7b0a369449dcdd10fe7fc7280a5aee40','江淮瑞风商务客车','沪N55730','HFC6500A3C7F','Y','CT04','1004'),('7b39f064-279b-433e-92ce-8dfb7ac1bf98','面包车',' 云G0S433 ','昌河牌CH6390E','Y','CT04','1022'),('7c4fb2f0-f1d2-4bd6-b3d9-40ae5d3860c8','轿车','辽AF6G36','一汽大众捷达','Y','CT04','1007'),('7d4b9b20e01613df1783bd8158c73987','轿车','沪A/WK 982','大众汽车SVW7167AMD','Y','CT02','1009'),('7dbed4336e9177fca871cac4d66a4845','小型普通客车','粤G/J 5058','江淮牌HFC6500A3C7F','Y','CT04','1009'),('7ddc54fd38aa61920f527e2b779832b3','客车','沪B75762','福特全顺','N','CT04','1006'),('7f5e0402fa42de601105ab9ceced659d','旅行车','沪DG1096','依维柯NJ6606SFF6','Y','CT02','1024'),('7f9d718d-b18e-4440-b260-2adc76faefb4','小货车','沪AUJ088','江铃牌JX1040TSG23','Y','CT01','1025'),('80936cbcf2a4eebae68b7a5f00db01c2','轿车','苏A637C5','桑塔那SVW7182QQD','Y','CT02','1005'),('810ce40d-5a08-4897-bd2c-4729f2146b1f','小货车','沪K36597','依维柯NJ1047SFN6','Y','CT01','1025'),('81809ae3c6920be871a3dcd44465d9c4','双排座货车','沪KP3577','依维柯NJ1047SFN6','Y','CT01','1003'),('81ae2b51-695b-4c1b-9718-0039c0568408','小货车','苏E-157HL','依维柯牌','Y','CT03','1015'),('823fb444de4c498581609b7e532fb3d3','旅行车','沪C-FT100','江淮HFC6500A1C8F','Y','CT02','1006'),('82bd371f-8cce-4eb7-af80-8cf7dec0eb3e','小轿车','沪CNT380','桑塔纳SVW7180LED','Y','CT04','1025'),('82fd9ac9347e33a096fe30ea97e73ed5','随车起重运输车','沪B-65203','ZLJ5162JSQE PYSQ200','Y','CT01','1004'),('830ad21d-6302-4e59-b32c-9985eded027b','小客车','沪C998W2','江淮7坐','Y','CT04','1024'),('8331a41684f145d9684d9076c4b2cb39','公务用车','沪AWC193','桑塔纳SVW7182QQD','Y','CT02','1006'),('8362b5a3-52b7-436c-960f-cfc43869e178','小轿车','沪AWC896','北京现代','Y','CT02','1003'),('8398df1960bf56d51770e030aad2c698','小型普通客车','苏F6715V ','江淮牌HFC6500A3C7F ','Y','CT04','1022'),('83f7699c3976302e5e813fa88af1b836','依维柯得意厢式货车','沪A/WC 117','NJ5046XXY5S','Y','CT02','1009'),('844ec9bc-d29e-4041-b98d-6fad9cdd413c','工程车','沪B10618','都灵NJ5046XGC2N','Y','CT01','1016'),('84b1bd91-9a3f-4855-bac2-cb3c6d6a2c67','小轿车','沪M07875','桑塔纳','Y','CT04','1016'),('8540311ea5e70d7bdaf920fae115519a','双排座汽车','沪D-73459','NJ1046LGSAB','Y','CT01','1006'),('8592A03A-594F-4586-9C21-05D961A729BA','小型普通客车','沪D-Y6403','途安','Y','CT04','1008'),('859E7513-21FF-F544-D963-6828FFB361D4','江铃货车','沪ATS996','JX1041TSG24','Y','CT03','1004'),('85bc9756fec84d3c2307b5b1f2d5aacd','双排座汽车','沪A/WK 877','尼桑ZN5021XX','Y','CT01','1006'),('875fb648de0d4abbed51b5d7bdef8429','郑州皮卡','沪J17620','东风牌ZN1022U2X','Y','CT01','1016'),('876de503c1f36929a2b2bdaf5c336031','比亚迪S6轿车 ','沪AMR063 ','比亚迪QCJ6480S5 ','Y','CT04','1016'),('877f87d2-1040-49a3-a863-6ed0f96ce2a3','小货车','沪J25909','江铃JX1040TSG23','Y','CT01','1025'),('88dcbb5e-589b-4b5f-bfa5-8ab357b7165d','双排座','沪AWK675','依维柯','Y','CT01','1003'),('8955e92e1a7086e15fe5ae40407b827a','小型普通客车','沪C/KH 990','江淮牌HFC6500A1C8F','Y','CT04','1009'),('8a8a57f9685a9e1324f2b6402fb38f39','桑塔纳轿车','沪CUB062','SVW7180LED','Y','CT04','1004'),('8ab23a71bf12c405396176a9abd712ba','小型专用客车','沪A/TN 323','大通牌SH5041XDWA2D4','Y','CT04','1009'),('8c3fbf1bb031039e9eda8325740c540c','公务用车','苏AY0137','依维柯NJ6606SFF6','Y','CT02','1006'),('8c492b60d0017bc337a1a8adb6dc9f26','旅行车','沪B-54528','雪弗兰商务 2500','Y','CT02','1006'),('8cc08d21-ecb6-4c5f-adfa-1ab62d08f090','双排座汽车','沪AWL658','江铃JX1040TSG23','Y','CT01','1016'),('8d82ff66d33087136c702b64559dc62e','公务用车','沪CGR892','桑塔纳SVW7182QQD','Y','CT02','1015'),('8d9e02dfdb64033f3ca79417143a3ca3','轻型客车','粤BH81D9','北京现代BH6430AY','Y','CT02','1006'),('8dc02563-b1c6-40cb-881f-cb2063fe3f57','面包车','苏E0P5F5','江淮瑞风','Y','CT04','1003'),('8e9771446fd96a8482cfd2c74e967129','轿车','沪JR7891','奥迪AUDI FV7241FCVTG','Y','CT02','1016'),('8f0124db-27f1-4388-a17c-7b81aa573cc2','小轿车','沪ADX765','桑塔纳','Y','CT04','1024'),('8f64df66-6102-4cb8-bd5e-cfb13f47a1b3','越野车','粤BB37P9','越野车','Y','CT04','1027'),('8f73596a5c6550a7215031eda62c478a','吉普车','粤B-87V83','华泰圣达菲 SDH6454M3','Y','CT02','1008'),('8fad10908f964f77fc90d08cd4bf5162','轿车','粤E6R850','别克','Y','CT02','1006'),('906e0b88-3a53-46e9-9e73-4e116178134f','双排座汽车','沪AXF166','依维柯NJ1047SFN6-T','Y','CT01','1016'),('911314b7492c46b6c0411bde63d0a3c4','双排座汽车','沪ＧＲ9703','东风ZN1021U2S','Y','CT01','1006'),('91a6afcc714ab777833b881cf12d65c5','长城小型客车','浙EUV160','CC6460RM00','Y','CT04','1004'),('91d4b187-b20c-4de1-8778-1b921597ce8e','旅行车','辽EL7691','别克GL8','Y','CT04','1003'),('920dbe30-494d-4fe9-bbeb-c3210b703ebe','商务车','苏AG30S2','别克陆尊GL8','Y','CT04','1005'),('92588d66-797c-4282-b8bb-1c0636a680a9','中型客车','鲁D-2201U','五菱牌','Y','CT04','1015'),('92da00236f20f5ac2ed645c5134e0ee8','小轿车','粤G-64470','别克SGM7281AT','Y','CT02','1006'),('932c997ce764c719785fac231eba7512','公务用车','沪CMG907','帕萨特SVW7183SJ','Y','CT02','1006'),('93c21bc047114df2491fad88ec73d689','桑塔纳轿车','沪AFR718','志俊','Y','CT04','1016'),('93ea48189545729c2524d96044cb63aa','轿车','沪A-PE850','帕萨特SVW7183SJD','Y','CT02','1006'),('9443cfad02cb85c31583c93e0d8dadab','别克轿车','沪D-T1328','SGM7302GS','Y','CT02','1015'),('9445dae1c12c8e1e590f473914dfc483','双排座汽车','沪G-T6130','柴油皮卡 东风ZN1021U2S','Y','CT01','1023'),('94a2a34e-40d7-446c-bdb4-a96ca421ebd1','小轿车','苏J5M771','别克SGM7240GS','Y','CT04','1004'),('955ee60e-10a2-4b66-aa8c-62c1d38bb5e6','小轿车','沪C0BS95','小客车','Y','CT04','1004'),('95EFF12A-A760-4B11-82D7-BB2D9A96F87F','面包车','苏EMG966','福田11座','Y','CT04','1003'),('965adfe5425d89b68706a8b5fb496ee7','奥德赛小型客车','沪LE8719','HG64818AA','Y','CT04','1004'),('967c25441a1ff80f008665515faf4406','小型普通客车','沪C/PQ 705','江淮牌HFC6500A3C7F','Y','CT04','1009'),('96993ec58bfef3638b0af0d26a11ce2b','大客车','沪DG1093','金龙XMQ6111Y','Y','CT02','1024'),('96DD6F57-A8CE-471E-8FE5-C1598094648F','小型普通客车','沪A-TP652','大众SVW71612LS','Y','CT04','1008'),('97b797e09d4cfe71d1ab887620a8f998','面包车','沪BR0690','依维柯NJ6606SFF6','Y','CT02','1006'),('97b89576bce880f17656d7e13584c185','公务用车','沪CKU472','桑塔纳SVW7182QQD','Y','CT02','1006'),('98d308e93ece9a1b39c027efa5fd729b','旅行车','苏A-Z8090','依维柯NJ6606SFF6','Y','CT02','1006'),('990826fa-c53c-4e59-8535-fd21b582b463','小货车','沪AWB857','江铃牌JX1040TSG23','Y','CT01','1025'),('990cfd37-2916-4194-9079-928757c32708','面包车','沪A/YY982','江铃全顺牌JX5040XGCTC','Y','CT04','1009'),('99b1cb44-3c0e-4d4b-a373-12cd1b08c1ad','面包车','沪A/YV269','江铃全顺牌JX5040XGCTC','Y','CT04','1009'),('9af9e33a-1710-4d0c-983e-0773c7d266a3','小轿车','沪CLA332','桑塔纳','Y','CT04','1024'),('9ba6851a7b4cd7230e9e704e846681b3','皮卡','沪A/WK 505','江铃宝典JX1020TS3','Y','CT01','1009'),('9BD3D3CB-1971-4E01-B8D3-FDCD74C8D78B','轿车','沪DT6911','桑塔纳','Y','CT04','1003'),('9BEA54E8-83FC-4422-BDD3-CE14A89D771C','依维柯厢式货车','沪AUC700','NJ5044XY2A','Y','CT03','1016'),('9c9d05d90d9a4bd8b4f5cd83e95e42f8','公务用车','苏A-Y0307','依维柯NJ6487SDE6','Y','CT02','1006'),('9d0a6c58709900091ed3b7e979846bd6','轿车','沪JR7860','奥迪AUDI FV7241FCVTG','Y','CT02','1020'),('9D6A2BF7-DD58-42D8-A057-C6A561025901','轿车','辽B08Q58','普桑1.8MT舒适','Y','CT04','1007'),('9e4cddad6cc080e06a0dc7b26fa982bb','公务用车','沪ME3050','日产逍客DFL7201AC','Y','CT02','1006'),('9E5A76DA-A093-4DE9-B608-EA8C7526C06A','小型普通客车','沪A-CH899','大众SVW71612LS','Y','CT04','1008'),('9eac9f718875cd00207d094ea6d0df46','小型轿车','沪C3J583','大众汽车牌SVW71612CS','Y','CT04','1022'),('9eb8003f039dac973d145978044b5a5d','轿车','沪C-FU452','帕萨特ZVW7203VPD','Y','CT02','1006'),('9fba12b7-dbeb-4d97-983c-d76f3ef77225','小轿车','苏F951XS ','志俊','Y','CT04','1016'),('a07b55bb4efb7b6e6a6354c72b8e6836','小型轿车','沪M36260','桑塔纳','Y','CT04','1024'),('a1b2c9d7-d869-459d-be20-e679cd0b3054','小货车','沪AWK877','尼桑ZN5021XXYD2G','Y','CT01','1025'),('a1c229d9-0044-406a-88ca-0abd3fb07292','面包车','沪C-80U00','长安','Y','CT04','1023'),('a1c68558d481914e75a246afdb031388','轿车','粤B6290J','北京现代BH6430AY','Y','CT02','1006'),('a214b66ffeaa82d1adb8530b43942613','旅行车','沪A/WK 628','SGM6512GL8','Y','CT02','1009'),('a2481028-507c-41d0-8fb8-3d31dd1bafa7','小轿车','豫SD2865','荣威','Y','CT04','1024'),('a2937d04136e6e701008e14acdaddf5c','小型普通客车','沪C/LL 431','江淮牌HFC6500A1C8F','Y','CT04','1006'),('a2cdf5d479e91fd2ddb195b51e1b5045','小型普通客车','沪FY0455','依维柯牌NJ6484CCM','Y','CT04','1024'),('a3271ffac2fb6476d59f397c94be1e37','轿车','粤AH3S62','凯越','Y','CT02','1017'),('a3c722f5-0c45-4106-a12c-e19bbd57f3f2','商务车','苏AM23K6','别克陆尊','Y','CT04','1005'),('A3DB7A20-D63B-41D0-963D-6D0A61450F54','小型普通客车','粤GJ1582','众泰JNJ6460','Y','CT04','1008'),('a3dd66bf6e3a2caa31155fb1e300eb51','公务用车','沪CLQ711','江淮HFC6500A1C8F','Y','CT02','1006'),('a416be61f1bd8cd06df6538ab2cbd0c0','皮卡','沪K36617','江铃宝典JX1020TS3','Y','CT01','1004'),('a4e46c61b249ba1621bb08508dd3becb','轿车','粤A4619D','雪拂兰 SGM7203ATA','Y','CT02','1017'),('a565607e-5691-47be-9b64-8f223cf2b5b0','小轿车','粤 BL40J9','比亚迪S6 ','Y','CT04','1016'),('a6478046800a8d8603f99e1d4fe4c782','小型普通客车','沪C/LD 002','江淮牌HFC6500A3C7F','Y','CT04','1009'),('a675bdac-b9c4-4bbe-b619-6f2b1c91ff36','小轿车','苏AZ4B99','雪佛兰景程','Y','CT04','1005'),('A7608E1BC4AE4472B8CE6BCFDC31963F','小轿车','蒙K2F666','江淮','Y','CT04','1027'),('a77dc2c599efaef2ae0c9c0911ad885f','轿车','沪ASA806','日产逍客DFL7201AC','Y','CT02','1006'),('a811d594d81583d46934f9e9e731e0a6','公务用车','沪J-A6333','奥迪AUDIFV7201TFCVTG','Y','CT02','1008'),('A82AC25C-2914-486D-90AA-459C8063A35A','比亚迪S6 轿车','粤TJV135','比亚迪S6 ','Y','CT04','1016'),('A8B19285-808A-403A-BFF5-101A1648C3DD','小型普通客车','沪A-MJ737','大众SVW71612LS','Y','CT04','1008'),('a905842a-6695-43b8-88bc-5f92e3208ea6','小轿车','沪A-UH731','桑塔纳志俊','Y','CT02','1023'),('a94f1a24ad8d6356ceab4dded3a68886','轿车','沪ARS101','桑塔纳ZVW7182QQD','Y','CT02','1006'),('a9f88e6b27aa61a5e097e822ccc86e1b','小型普通客车','沪C/PQ 729','江淮牌HFC6500A3C7F','Y','CT04','1009'),('aa26829a626046f7a7a9704254c7ae84','双排座货车','粤G-80897','江铃JX1041TSG23','Y','CT01','1014'),('aa5506c5284e5619899b731de2b180fe','桑塔纳轿车','沪M26701','志俊','Y','CT04','1016'),('aa6878d2-48b0-46c6-a287-15c54a7dfd1f','中型客车','沪DH1552','江铃全顺','Y','CT04','1014'),('aaf4e69ffdba7dd5eb1a0e9716e3f9f9','小轿车','沪A-612B2','奥迪4163CCA8 L4.2','Y','CT02','1006'),('ab231b8a61fc808ee535e484cb610c9c','双排座汽车','苏A0L706','江铃宝典 JX1020PSD3','Y','CT01','1005'),('abfa9b72f1bc8bbb08bd995eec765a22','小轿车','沪E-H1799','北京现代BH7200M','Y','CT02','1006'),('acab4f57-1021-4383-837a-cbdb4a27cd3a','商务车','沪FY1186','瑞风商务车','Y','CT04','1014'),('ad8b32abb03fca287ef2407d6ac02051','皮卡','沪AXF209','东风牌ZN1022U2X','Y','CT01','1024'),('ad9ef2bf-3c5f-4f0d-a3e1-5e712e207ba8','小轿车','粤A9XJ08','桑塔纳','N','CT04','1017'),('ae28f17b6aa501c2e0d47d0040ddb99e','轿车','沪M78981','桑塔纳SVW7182QQD','Y','CT02','1006'),('ae88061d9c56efc1ce53effdef85c2b7','双排座汽车','沪H05308','依维柯NJ1047SFN6-T','Y','CT01','1003'),('aea38df3-3177-4479-b439-77db16988614','小轿车','苏F981A8','大众汽车牌SVW71810FJ','N','CT04','1022'),('aece3187-5909-457c-b4c9-8d4f180f9762','高空作业车','沪AT1898','PY5110JGK','Y','CT01','1016'),('afa71ad5-ee97-429a-bd7e-45933df88293','面包车','粤GLT021','东风牌面包车','Y','CT04','1025'),('afaa897867f918977d6c367dfc8ea843','小型轿车','沪C8S720','帕萨特SVW7183SID ','Y','CT04','1022'),('afc06ad4-8aa3-4096-a5d5-66c96292a3d2','小轿车','沪ASU500','大众帕萨特','Y','CT04','1024'),('afe60044-3b4c-4f85-8174-838f407a53b3','客车','苏F389RL','SNP1161','Y','CT04','1010'),('b028c489caa4e2e74723078a26fadcb0','公务用车','苏A-935S5','日产逍客DFL6430VBC2','Y','CT02','1006'),('b0bd8ba9-5481-4e2d-b502-331c15150a85','小轿车','甘AYF778','桑塔纳','Y','CT04','1011'),('b187cc350e6d6bdb78e47342053ef38a','小型普通客车','粤G/E 7707','江铃牌JX6461L','Y','CT04','1009'),('b2711a10-1e41-4cb4-bca7-085d3ddd6371','面包车','粤GLT015','东风牌LZ6461AQFE','Y','CT04','1025'),('b2dfef12b76dd93bce7ddf2069bee968','小型普通客车','沪C1W162','大众途观','Y','CT04','1024'),('b3c0f8c8c704d1b90055ee09dd3c22ef','轿车','沪JR9110','奥迪AUDI FV7241FCVTG','Y','CT02','1022'),('b493a822e72bb2a792d646d0a08d2ae9','小型轿车','沪CYQ489','桑塔纳牌SVW7182HQD','N','CT04','1001'),('b4e53e7e409f77d86791512f7f646fcf','旅行车','沪M-29069','别克BUICKSGM6521ATA','Y','CT02','1006'),('b581d52d-8961-4952-bf99-bd487cd19ff4','小货车','蒙C-SH655','扬子牌皮卡','Y','CT03','1015'),('b5c5ee98e01365c2be7e856216d33318','双排座汽车','沪K-P3381','江铃宝典JX1020TS3','Y','CT01','1023'),('b5d5ceec34d847c0887e55343037493b','旅行车','沪C-FU648','江淮HFC6500A1C8F','Y','CT02','1006'),('b5e0fbe4-ead7-4a43-8d90-f12ea960ea11','小货车','沪ASJ607','江铃货车','Y','CT03','1024'),('b6a08cc81164f3df260b0f0d2b1d09a6','轿车','粤CGM651','凯越','Y','CT02','1017'),('b6e1bc997c0512eba0650cf90ac44a70','旅行车','苏A4J260','长安SC6382A','Y','CT02','1005'),('b7c60d165d9d8ad7f7626ed5aa85b7c6','金杯小型客车','沪C50X25','SY6513D1S1BH','Y','CT04','1004'),('b7f124a53487fd05c018dd51095bb2ca','轿车','沪C-NY725','江淮HFC6500A1C8F','Y','CT02','1006'),('b80cb07a-357f-436e-9195-dcdee780d32f','小型客车','皖EB998Y','别克牌SGM6520UAAA','Y','CT04','1012'),('b8664e18a99cca3d69b77789613b619c','双排座汽车','沪H05590','依维柯NJ1047SFN6-T','Y','CT01','1004'),('b937710ac4d58f94c1d82df514208564','小轿车','沪E-49369','奥迪FV7301CVT','Y','CT02','1006'),('b94e5d0c-d881-49dc-9308-ffd2a75dd35c','小轿车','皖AK018F','大众牌FV7187FBDBG','Y','CT04','1012'),('B9C8AC6F-0871-414B-96B8-77848762006A','比亚迪S6轿车 ','沪LQ7728 ','比亚迪QCJ6480S5 ','Y','CT04','1016'),('ba61d14e23ac9e7ef0c1dd362f7b3c0e','小轿车','沪A-XK335','桑塔纳SVW7181CFI','Y','CT02','1008'),('bb433f34-5291-46a4-a4cd-0a068fcd4416','小轿车','粤A8NL87','桑塔纳','N','CT04','1017'),('bc0d284c-9bd6-471a-a195-0587ea4b3bf1','aaa','rrrr','bbb','N','CT02','1001'),('bc7cbad0-b258-4dbe-8445-93b1c2844270','小轿车','沪DY8558','雪佛兰科鲁兹','Y','CT04','1014'),('bcfa8a8fe2cd63d3c6a036180defcf38','旅行车','沪D-S8795','丰田海狮RMZH155L-','Y','CT02','1006'),('bf82e857bc9d153f85c7943c97829136','桑塔纳轿车','沪G07307','世纪新秀svw7180LEI','Y','CT02','1015'),('bfa595334504ab1a9f2c378eafec120d','公务用车','沪L-77226','日产逍客DFL7201AC','Y','CT02','1006'),('bff2345e-b35e-4859-adb8-bc99bebd0b4d','小轿车','粤A6NL20','朗逸','N','CT04','1017'),('C011203C-3145-459E-95EE-A4E509029A74','轿车','辽AS012C','北京现代牌BH7162MY','Y','CT04','1007'),('c01bd79b387a9d0613d4c952931b7085','桑塔纳轿车','苏K9B235','SVW7180LEI','Y','CT04','1004'),('c04ed25c-45d1-4ccd-8b33-c1008b533fcd','小轿车','粤G42A75','长城H6','Y','CT04','1003'),('c203af2c7fcceb99e3f846bd0aac1089','小轿车','沪AWK131','奥迪A6L FV7321CVT','Y','CT02','1006'),('c25d8b34-4dfd-4c93-8b2f-6c5c5b6af115','小轿车','沪BBG363','大众桑塔纳','Y','CT02','1014'),('c3713cb7efe4942a43b6d12ded81bcc1','公务用车','辽A8V429','帕萨特SVW7203FPD','Y','CT02','1007'),('c3abe0a7a271575260df4155986e1b02','双排座汽车','沪F-21593','NJ1046LGSAB','Y','CT01','1004'),('c3f1b90ec7dc8948bc371204b62de207','商务车','沪CFS200','GL8 陆尊 3.0','Y','CT02','1005'),('c405f15acb968234557b186d9b3d1f37','双排座汽车','沪A-B8753','SC1010A','Y','CT01','1004'),('C4419AB1-483F-4954-8590-F2D4AE0D1216','面包车','黑C6K771','江淮瑞风2.0MT','Y','CT04','1007'),('c45fc0c6-0ca8-4460-aef6-078403f7dfa8','小轿车','新MY6638','别克 君威','Y','CT04','1011'),('c49c09019640236ea67057b396f777c4','轿车','沪C-PL303','帕萨特SVW7183SJD','Y','CT02','1006'),('c4f82381860d79b3c3d7afb62fb3720f','双排座汽车','沪A/WK 820','江铃JX1040TSG23','Y','CT01','1006'),('c50c54be8f75e2491ab9f37f05f8fc58','旅行汽车','沪CDL243','金杯SY6504US1BH','Y','CT02','1022'),('c564a5362dd549827c800c31a7338a44','随车起重运输车','沪B65363','中联牌ZLJ5162JSQE','Y','CT01','1004'),('c5c1a5353ea7f5e1de6ec08ff2eed8d5','桑塔纳轿车','沪HK6285','SVW7182QQD','Y','CT04','1004'),('c61cb954834711640c9f1797d78b6959','轿车','沪A/WK 683','大众汽车SVW71810HJ','Y','CT02','1009'),('c6453365dc8f44953a423cb3f101a205','小型轿车','沪C82R98','大众汽车牌SVW7167KMD','N','CT04','1022'),('c64f618582f45090414786babc2a7a9b','桑塔纳轿车','沪L86919','SVW7182QQD','Y','CT04','1004'),('c69725fc4a749654c3731ee36dc03094','小型轿车','88A07299','桑塔纳牌SVW7180LED','Y','CT04','1009'),('c7070e2b-2336-4f13-82c0-340e02353473','小型普通客车','新MA5533','尼桑 奇骏','Y','CT04','1011'),('c719b68308f459c807b19a4931339485','客车','沪DE2123','福特全顺','Y','CT04','1020'),('c7324d34ae3fe1f3f0f990929fe58b47','旅行车','沪B62605','SY6483H3','Y','CT02','1014'),('c73891d0f815196230daddf01376a0be','小型普通客车','粤G/E 7525','江铃牌JX6461L','Y','CT04','1009'),('c73d921dea308584ca153494de73c70b','公务用车','沪A-PE877','江淮HFC6500A1C8F','Y','CT02','1006'),('c73dfbe9bf8dabcb132cf181e280b059','轿车','沪AUF671','桑塔那SVW7182QQD','Y','CT02','1014'),('c7f132e99058d17e6c52ddcea5cdbe66','小型普通客车','沪H/J 0987','江铃全顺牌JX6466DF-M','Y','CT04','1009'),('c8b7583023c52dcfeebd4804a6087f44','商务车','沪J50157','别克 SGM6527AT','Y','CT02','1015'),('c8e7035c-a65c-46fd-983f-49834bb49200','厢式货车','沪ATE339','依维柯NJ5044XY2A','Y','CT03','1025'),('c9a38017ecb8be539152fff76c2b5abe','桑塔纳','苏A8078X','新款桑塔纳','Y','CT04','1005'),('c9b08877-6586-4001-8e08-27c3d686c830','小型客车','皖AS939X','大众牌SVW71810FJ','Y','CT04','1012'),('c9cba51ba5f3587eb956584f8dcaafe3','尼桑 ','苏AF897Y','帕拉丁','N','CT04','1001'),('ca379be8-da61-4c55-afbd-b750fe4d5c5b','双排座汽车','沪AWB592','江铃JX1040TSG23','Y','CT01','1016'),('CA668166-85F6-4C59-B332-F28ED9054698','面包车','黑B16296','瑞风7座','Y','CT04','1003'),('ca6a0788e8d2382a1c265d693021f0ad','比亚迪S6 轿车','苏ACIS00 ','比亚迪QCJ6480S5 ','Y','CT04','1016'),('ca877db5dd6d2d7ab1c925ecb45fe86e','双排座货车','沪LG2570','依维柯NJ1047SFN6','Y','CT01','1022'),('cb69e787e7b48134137ac13f6b7c485d','旅行车','粤G-62170','尼桑ZN6453W1G3','Y','CT02','1006'),('cb953cc2-4a1b-4507-94f1-fc142a6af261','小轿车','沪JR3712','奥迪','Y','CT02','1014'),('cbca4aff75bbf119e007b1204f9e568d','轿车','沪H-S1809','桑塔纳志俊1.8舒适版','Y','CT02','1006'),('cc0610d40e1715b55ceb39ab19d8c101','小轿车','沪KA9603','北京现代BH7200M','Y','CT02','1006'),('cc3f29042bffd64feae525acaf3a2953','雪佛兰 ','苏AS079S','雪佛兰景程','N','CT04','1001'),('cc559624-9cd4-4705-b47c-6a40e5b14f0d','面包车','津AJH795','江淮瑞风','Y','CT04','1003'),('ccd3d2cb-70b0-43b1-8aff-e56c070c759d','小轿车','沪AWB891','一汽奥迪','Y','CT02','1003'),('ccdef9a5-06f3-443f-95db-2be304dedc3f','小轿车','粤A8NL79','桑塔纳','N','CT04','1017'),('cd28bffb-1dec-4697-b615-c78092ede407','小客车','桂PD9169','奥德赛HG6480BB','Y','CT04','1015'),('cd94c4c6013fea1f81eb5b9c2089a3e4','轻型普通货车(皮卡)','浙A736KQ','吉奥牌GA1021CTE4','Y','CT03','1022'),('d0ed12fe6fd7bb44acb8d033e347e023','起亚轿车','粤CHV615','YQ27162AEF','Y','CT04','1004'),('D110FD40-96E1-4305-A9C7-DB6BED66EDE2','9座金杯面包车','沪C2E611','SY6513X5SIBH','Y','CT04','1016'),('d125c3167b2c93c5a7c8e12aaac72d02','面包车','沪BG6077','瑞风2.4L11座彩色之旅','Y','CT02','1006'),('d13989ad200dfc02ff1eb29f38536427','大众轿车','沪C50L95','SVW716121S','Y','CT04','1004'),('d146e271-2e11-43c4-b67a-2d6221ff4013','小轿车','粤A7NL08','桑塔纳','N','CT04','1017'),('d1b1d60ad5acbe71bbed0dc376078386','越野车','甘A-PC510','沃尔沃XC60  T6','Y','CT02','1011'),('d253ef14-eba1-4ca9-9f1b-b230c25d2d8a','专项作业车','沪A34613','三菱NK-250E-V','Y','CT01','1025'),('D2909494-4037-4461-84A6-400889373FC4','轿车','辽B105M6','上海大众桑塔纳','Y','CT04','1007'),('d31520cd-318b-4269-955e-180ee94bd60f','双排座汽车','沪J25879','江铃JX1040TSG23','Y','CT01','1016'),('d4614211f93ea2f8a96cb8c23daa3d97','旅行车','沪HA3919','别克商务GL8陆尊3.0L','Y','CT02','1020'),('d48466636a6f963afce21ffbe28df1c1','厢式运输车','沪L52226','长城CC5021XXYDSD02','Y','CT01','1006'),('d5319201db5b8039be0761e86712e2c2','比亚迪S6 轿车','粤D3D180','比亚迪QCJ6480S5 ','Y','CT04','1016'),('d5989d4e5949f3b105e073afd22cee38','双排座汽车','苏A0L835','江铃宝典 JX1020PSD3','Y','CT01','1005'),('d5e2882a-747c-4d6e-8d5b-435e18f4e25a','万丰 皮卡','新M42036','轻型普通货车','Y','CT04','1011'),('d63f2fa4113d9f2bc96a22fc5a6e93a8','小轿车','沪E-49371','奥迪FV7301CVT','Y','CT02','1006'),('d675717a679b70636d67bcc08cab1645','轿车','粤CSH901','凯美瑞','Y','CT02','1017'),('D684EF5F-AE70-4DDB-AD50-93F296CBD813','桑塔纳轿车','沪MJ8611 ','志俊','Y','CT04','1016'),('d77605ff2ae2163af6fd9aca61368cf3','旅行车','沪G-F5967','雪弗兰 1500','Y','CT02','1006'),('d78856e3-3612-410b-bf07-8fe4b44c45e1','面包车','苏J/N9021','江铃全顺牌JX6477DA-M','Y','CT04','1009'),('d7b801a5-8ee7-43b5-ba64-6c1a12f163e6','小客车','青HN0559','猎豹CFA6470MA','Y','CT04','1015'),('D7D5E805-FBA5-449C-B316-61DFBE894E1D','轿车','湘KK6376','别克','N','CT04','1001'),('d85fd431-4622-4cc0-9004-236ce53efc27','轻型货车','苏K1681L','江铃顺达','Y','CT03','1014'),('d900a241-07d8-4479-bc64-0ba012b2557f','小轿车','沪CDV755','荣威','Y','CT04','1024'),('DA088A08BAC24BA58B8A436CDB741DAE','小轿车','蒙KNQ768','丰田','Y','CT04','1001'),('db164ae93b6144dc9cccdaaf5c415ce6','公务用车','辽A1329H','捷达JETTA FV7160FG','Y','CT02','1007'),('db2226dec049ffd9343b76f4484495ff','七座客车','沪C997N5','SNP1161','Y','CT04','1010'),('dc41687b-a279-4577-aec7-29fafe4cf50b','小轿车','沪CYG513','别克英朗','Y','CT04','1024'),('dc50e68b-25dc-4093-9963-01c01f7f8a64','轿车','辽AH26F6','别克凯越','N','CT04','1001'),('dc688ab7-c6f4-410d-9bc1-80750a0ff5d7','小轿车','沪EY2818','帕萨特1.8T','Y','CT04','1003'),('dc8dbcc0-001b-4ed7-bfe6-6b415a770f67','面包车','粤G52859','金杯SY6513W1S3BH','Y','CT04','1025'),('dd1b5e328b02c97193ddf2397cc8ccd1','旅行车','沪M-29392','别克BUICKSGM6521ATA','Y','CT02','1006'),('dd32f281b46827054904547c0886721c','依维柯得意双排座货车','沪A/WK 883','NJ1047SFN6','Y','CT01','1006'),('dd331b01-6038-4fb1-84ed-76160b52c422','小轿车','沪CWW887','大众帕萨特','Y','CT04','1024'),('dd742793-53c8-44d6-a605-2443f624dd3d','越野车','贵HBS710','丰田RAV4','Y','CT04','1003'),('ddfce2dd60789a4793c0ee4013a03353','桑塔纳轿车','沪NG7278','桑塔纳','Y','CT04','1016'),('DE4D3E5DEB9744768F13B60593C7FE2D','荣威轿车','沪AGK291','CSA7200ACV','Y','CT04','1004'),('DE78104E-2CEB-4AB6-9A3A-81C3751FB7C3','面包车','37A12339','丰田','Y','CT04','1003'),('de790caf-3a62-4611-89b3-447ffbf91e45','中型客车','苏E-G1693','江淮牌','Y','CT04','1015'),('dedac6b588cc7bccc591cc1a0143518e','小轿车','苏A-1J115','别克君悦3.0旗舰','Y','CT02','1006'),('df073ec460e88972de5d1fdc5712ed4d','双排座货车','沪LG2602','依维柯NJ1047SFN6','Y','CT01','1022'),('dfdc4963-28ae-4e41-88ff-841e24c8f84c','小客车','苏KGN902','别克SGM7242ATA','N','CT04','1004'),('dfee5d4d6ac8baa84e83457b005ecddf','栏板货车','沪B52301','江铃JX050TGB23','Y','CT01','1014'),('e12e952f537d600c248951df020c8a88','江淮大巴','沪B33709','合客HK6103H2','Y','CT04','1004'),('e1302fa91b8cf94c660b04efc12762ad','双排座货车','沪KP3683','依维柯NJ1047SFN6','Y','CT01','1022'),('e14f1afb7494bca2443216756fe6337a','小型专用客车','沪A/TL 050','大通牌SH5041XDWA2D4','Y','CT04','1009'),('e18dab0900527b58b96b64c18ffbc3b5','小型轿车','沪CYL521','桑塔纳','Y','CT04','1024'),('e227c5e6b816602dcdd8f264434a6db4','小轿车','沪AUR781','BUICKGS3.0','Y','CT02','1006'),('e2390c217845e54d9a2920f360504168','轿车','沪AUH033','桑塔纳SVW7182QQD','Y','CT02','1006'),('e24cd8e51fa7e629e9603c01d0924ce9','小型轿车','沪C/LC 065','桑塔纳牌SVW7180LED','Y','CT04','1009'),('e2bac0d7-7a78-4f81-b5a8-eae31866246f','小轿车','粤A9ND02','帕萨特','N','CT04','1017'),('e32f7532d2076333700cfccc3987e9e9','轿车','沪AXK138','桑塔纳志俊1.8舒适版','Y','CT02','1006'),('E332AFD2-042D-4FC6-9C55-737DBADADED7','面包车','37S0580','丰田','Y','CT04','1003'),('e360688a227d1b6215293e3441f7f2f2','轿车','沪AJK351','帕萨特SVW7183SJD','Y','CT02','1006'),('e3755658476b2a51badead37958466a5','轻型普通货车','沪J/ 23308','江铃牌JX1020TS3','Y','CT03','1009'),('e411834f94208730e63f0b07d78b96a2','双排座货车','沪J-25765','依维柯NJ1047SFN6','Y','CT01','1003'),('e49ccdda503dc399624f1d7579c7b4a0','双排座货车','沪KP3392','依维柯NJ1047SFN6','Y','CT01','1003'),('e5867299-edf9-4d24-980c-620fa4a93e20','小轿车','沪CTT575','桑塔纳','Y','CT04','1024'),('e70cf9b7c1c26e9e3d3d5cffe671ef6d','小型轿车','沪C/MG 673','桑塔纳牌SVW7180LED','Y','CT04','1009'),('e71a1b477fd0a3e2a2d3cf9eada17d5d','双排座汽车','沪D-P4690','ZN5021XXYD2G','Y','CT01','1014'),('e76436bf1ff9d94193fc452870728fc8','轿车','沪J-A3095','奥迪AUDI FV7241FCVTG','Y','CT02','1006'),('e7a16faf0223b0da0ebee73a4f9fc537','公务用车','沪AWC110','江淮瑞鹰HFC7200EF','Y','CT02','1006'),('e7afbc232b2a96c2627962d6de183feb','小型普通客车','沪C/HU 621','江淮牌HFC6500A3C7F','Y','CT04','1009'),('E7B64EAC-CE03-4639-9692-E0F95C979CE5','轿车','粤AV9VB23','雪铁龙世嘉1.6AT','Y','CT04','1007'),('E810E82A-8B34-47C3-B81B-D630C956C540','轻型普通货车','沪A-US599','江铃顺达JX1041','Y','CT03','1008'),('e811c6168974f6e4a212e601e61f19fc','双排座货车','粤A857EP','依维柯NJ1047FN6','Y','CT01','1008'),('e886735a47cf671e8d58d6daed53d872','商务车','沪HC5928','别克 SGM6527AT','Y','CT02','1010'),('e88d6c7654384ccc05b6d3aa0fb942ed','轻型客车','粤BW63P5','北京现代BH6430AY','Y','CT02','1006'),('e8c835853b368240bb77a217e37edd3d','轿车','沪C-HS888','桑塔那SVW7182QQD','Y','CT02','1006'),('e9584f47abcfab467c35bde29777e4e3','旅行车','沪C/ 80Z76','江淮HFC6500A1C8F','Y','CT02','1009'),('E96344D8-780A-4516-B23D-81B8AFC3EE76','小型普通客车','沪A-BT593','大众SVW71612LS','Y','CT04','1008'),('E9831EB9-8F3C-44A7-B010-CAFDEB8A5ABB','面包车','沪C1U251','瑞风7座','Y','CT04','1003'),('ea2e032a76d0be392258d4898c5ae524','瑞风面包车','沪N38083','瑞风2.0MT  7座','Y','CT04','1018'),('ea528f23bc4c75f862bc92c0b92d6fb0','小轿车','沪F-99221','宝马750Li','Y','CT02','1006'),('eb5dc807def8ab256dff0e7d97f2e22d','小型普通客车','沪M/G 5907','江淮牌HFC6500A3C7F','Y','CT04','1009'),('eb8d07747256291cd01c40f4c120d207','双排座货车','沪KP3766','依维柯NJ1047SFN6','Y','CT01','1004'),('ebbe219770f1b49e4569560f602f8257','旅行车','沪E/97268','别克 GL8 Firstland','Y','CT02','1014'),('ebdbbf6fcdd08ff4c8e3444eab90efeb','面包车','沪D/F 5151','依维柯NJ6606SFF6','Y','CT02','1009'),('ec52c9f5-9ab3-41bb-be13-2d6aa63a09fb','皮卡','辽E58861','长城','Y','CT03','1003'),('ec659acc-05d2-4a7a-9920-98eb6be0a97d','小货车',' 云AU0V35','长城风骏5','Y','CT03','1022'),('EC80A90C-319D-4751-8A79-477A8348B29A','越野车','粤GE1359','尼桑','Y','CT04','1003'),('ecb1844f9b651b8175dfd76bb6869b5d','轻型客车','粤BT72N0','北京现代BH6430AY','Y','CT02','1006'),('ecdb7daa52591b5374366e56d325a5ea','小轿车','沪AWC785','奥迪A6L FV7321CVT','N','CT02','1006'),('ed6253f2-400c-4361-a3ef-555786519b43','小货车','沪AWK820','江铃JX1040TSG23','Y','CT01','1025'),('ed76f51611ef5a3f6e6238dcf243ff60','旅行车','粤A8663M','别克商务车SGM65','Y','CT02','1017'),('edeb6a146fb54ee31d0ff2e3ae89fac8','小型轿车','沪H/ 66896','桑塔纳牌SVW7180LED','Y','CT04','1009'),('ee60288c-2447-4199-affd-ee852aec7f0b','客车','苏A-Z8093','依维柯','Y','CT04','1006'),('ee8d5f436764811b8186c754485291ff','轿车','沪C-NY710','江淮HFC6500A1C8F','Y','CT02','1006'),('ef0e968f21d267579f073d88cd80f423','小轿车','沪E-H1622','北京现代BH7200H','Y','CT02','1006'),('f00659bb845df236d5d5fe099c422b19','小型普通客车','沪C/SD 139','江淮牌HFC6500A3C7F','Y','CT04','1009'),('f08dae878c1868f28eb388617270560d','小型普通客车','沪C/HC 775','江淮牌HFC6500A3C7F','Y','CT04','1009'),('f0d7d12785c2b497d46ed4ca62a34347','小型轿车','沪CZD112','桑塔纳牌SVW7182QQD','N','CT04','1001'),('f197837592d75f28d5c24ea57e5111f7','小型轿车','沪M66231','桑塔纳','Y','CT04','1024'),('f19d919e-c88f-4433-8752-9598a763f2cf','货车','粤G06A53','江苏顺达JX1041TSG24','Y','CT03','1016'),('f1b5dee5e64b349c3619ca7166e7a5ae','公务用车','沪CJN959','江淮HFC6500A1C8F','Y','CT02','1006'),('f1eea088869e67c914d132c6ed94b6fc','大众轿车','沪ACE233','SVW71612ES','Y','CT04','1004'),('f2152875-5047-46a8-8da9-c2a5d4581384','面包车','苏J/N9012','江铃全顺牌JX6477DA-M','Y','CT04','1009'),('f22870d7-7d8d-4331-8199-518864acf47c','轿车','辽AQ25C9','一汽大众速腾','Y','CT04','1007'),('f23cffbd5209072476461e14ae64a177','双排座汽车','沪H03356','皮卡郑州日产ZN5023XXYH2G3','Y','CT01','1014'),('f2d0fe8e-6467-4711-ba56-9732d5aed284','小轿车','苏AM29P2','尼桑帕拉丁','Y','CT04','1005'),('f2dd413e719f01b9ce794e313efa19f7','轿车','沪CPS787','帕萨特SVW7183SJD','Y','CT02','1006'),('f2fea885-384c-4613-8082-357503390139','小轿车','粤B3XQ92','大众FV7140BAMGG','Y','CT04','1004'),('f32b08b1-77b2-40e7-9e21-e75717465677','小轿车','沪AWK782','SVW7182HFI','Y','CT02','1016'),('f33f47ae682915372abd52b53baeb3fc','面包车','粤AR6039','面包车','Y','CT02','1006'),('f3625e7e61480143e5c2624b8fa7f226','轿车','沪A-EF981','帕萨特SVW7183SJD','Y','CT02','1006'),('f3f7b816-8243-41fe-bcfa-4f9471554cbd','小轿车','粤A9MJ45','桑塔纳','N','CT04','1017'),('f4715da13606b7aa14277e720c91f9b6','小型轿车','沪C157V3 ','大众汽车牌SVW7167WMD','Y','CT04','1022'),('f48b91728b01eb4f910c7d43b7e98a6d','双排座汽车','沪E-F1151','ZN5021XXYD2G','Y','CT01','1014'),('f4cf58ae7a96b5d0c2c51c773379829c','别克小型客车','沪C023U8','SGM6527AT','Y','CT04','1004'),('f4e753b8-4d62-4aaf-abf5-1ed4debfd29a','货车','沪A-WL163','江铃皮卡','Y','CT01','1023'),('f5007859be6260fe922f090ad24fa5ee','双排座货车','沪A/WB 872','依维柯NJ1047SFN6','Y','CT01','1009'),('f592155f-db85-4fc7-9890-ac33d8aa7e96','小轿车','苏AZ5B98','桑塔纳志俊','Y','CT04','1005'),('f71150377a29907075322783cecceed7','江淮 ','苏AB779G','瑞风','N','CT04','1001'),('f7f172fd-9d4d-4c99-ba1c-84978cf6f3c5','越野车','粤B057WR','越野车','Y','CT04','1027'),('f89838b302b6ec9757607b59a0dedf66','面包车','辽A67E39','金杯SY6483K2','Y','CT02','1006'),('f89ca6e8606eeb5c178bcf68bfadbbe3','轻型客车','粤BH24D9','北京现代BH6430AY','Y','CT02','1006'),('f8e11399630a925c46ec22fab5324f1b','双排座汽车','沪H06993','江铃JX1040TSG23','N','CT01','1025'),('f91391d0-0a62-442e-a579-ddabddec62b8','旅行车','沪AWC936','别克GL8','Y','CT02','1003'),('f93dae0cd47e5fc02dfbe86a08cb3829','商务车','沪JF3378','江淮 HFC6470AR3F','Y','CT02','1014'),('f94cb3a7ab6ac15478a730924cd2ba85','桑塔纳轿车','苏E7HB05','SVW7180LED','Y','CT04','1004'),('f990a2f470b35734e8867b8e71381668','双排座汽车','苏A0L438','江铃宝典 JX1020PSD3','Y','CT01','1005'),('fa17af38c379a92dca0b7eed8f2a2a4c','公务用车','沪AWC887','桑塔纳SVW7182QQD','Y','CT02','1006'),('fa63c870-0071-4ded-93b9-0902ec5e8eaa','小货车','沪AUJ189','江铃牌JX1040TSG23','Y','CT01','1025'),('fb4a6760bfcdb241712a75d9dfcf937d','小轿车','沪A/WK 810','凯迪拉克CTS 3600CC','Y','CT02','1009'),('fb5715de-c9bf-493b-b12d-650ef475b4c1','小客车','沪C8P595','长城CC6461KH0E','Y','CT04','1004'),('fb71fa6d-8091-4bf5-810b-26a424832acd','皮卡','沪AWK330','尼桑','Y','CT01','1003'),('fba9e8d116df92a503e19043d9134d1a','别克小型客车','京NBM962','SGM6529ATA','Y','CT04','1004'),('fc811e58-adcd-47b2-87f7-c51458c2a5a0','小型客车','苏E-8U7D7','长城牌','Y','CT04','1015'),('fd3eef8a-1e11-48a4-bf5b-03cd05b720f5','小轿车','沪AWC835','桑塔纳牌SVW7182QQD','Y','CT02','1025'),('fdb5c0be-0494-4ba0-a0b4-5ea700e4d935','皮卡','沪AWB662','尼桑','Y','CT01','1003'),('fe4d98ce83fce87d715be69ddbcf0392','轿车','沪LL8308','奥迪audi fv7241fcvtg','Y','CT02','1010'),('FEAA7EE6-0289-434A-97A5-128A32830A92','中型普通客车','粤G-53919','依维柯面包车','Y','CT04','1008'),('feb1c233f6ad69ef352747298ce3e2d8','轿车','粤CNY901','本田','Y','CT02','1017'),('febdd473-9bc0-4162-8ccc-1b934c5a9a21','货车','粤G25A16','江苏顺达JX1041TSG24','Y','CT03','1016'),('fed2c48841270579a6c5e4a2893c2caf','商务车','沪AKU288','别克SGM6531UAAB','Y','CT02','1004');

/*Data for the table `company` */

insert  into `company`(`COMPANY_ID`,`COMPANY_NAME`,`AddRESS`,`TELEPHONE`,`Manager`) values ('1002','厦门分公司','厦门分公司','厦门分公司','厦门分公司'),('1003','工业工程','工业工程','工业工程','工业工程'),('1004','工业安装工程公司','工业安装工程公司','工业安装工程公司','工业安装工程公司'),('1005','上海宝冶集团南京分公司','上海宝冶集团南京分公司','上海宝冶集团南京分公司','上海宝冶集团南京分公司'),('1006','上海宝冶集团有限公司','上海宝冶集团有限公司','上海宝冶集团有限公司','上海宝冶集团有限公司'),('1007','上海宝冶集团沈阳分公司','上海宝冶集团沈阳分公司','上海宝冶集团沈阳分公司','上海宝冶集团沈阳分公司'),('1008','上海宝冶集团物资分公司','上海宝冶集团物资分公司','上海宝冶集团物资分公司','上海宝冶集团物资分公司'),('1009','安装工程公司','安装工程公司','安装工程公司','安装工程公司'),('1010','上海宝冶集团装潢分公司','上海宝冶集团装潢分公司','上海宝冶集团装潢分公司','上海宝冶集团装潢分公司'),('1011','兰州分公司','兰州分公司','兰州分公司','兰州分公司'),('1012','合肥分公司','合肥分公司','合肥分公司','合肥分公司'),('1013','安装事业部','安装事业部','安装事业部','安装事业部'),('1014','宝冶工程技术有限公司','宝冶工程技术有限公司','宝冶工程技术有限公司','宝冶工程技术有限公司'),('1015','工业炉','工业炉','工业炉','工业炉'),('1016','市政工程公司','市政工程公司','市政工程公司','市政工程公司'),('1017','广州分公司','广州分公司','广州分公司','广州分公司'),('1018','建筑设计研究院','建筑设计研究院','建筑设计研究院','建筑设计研究院'),('1019','成都分公司','成都分公司','成都分公司','成都分公司'),('1020','房地产事业部','房地产事业部','房地产事业部','房地产事业部'),('1021','机关车队','机关车队','机关车队','机关车队'),('1022','检修工程公司','检修工程公司','检修工程公司','检修工程公司'),('1023','建筑工程','建筑工程','建筑工程','建筑工程'),('1024','钢结构工程公司','钢结构工程公司','钢结构工程公司','钢结构工程公司'),('1025','高炉事业部','高炉事业部','高炉事业部','高炉事业部'),('1026','郑州分公司','郑州分公司','郑州分公司','郑州分公司'),('1027','直管项目部','直管项目部','直管项目部','直管项目部'),('1001','总公司','总公司','总公司','总公司');

/*Data for the table `log` */

insert  into `log`(`id`,`operator`,`operate_time`,`operate_content`,`operate_type`) values ('6aff199d-947f-442e-a68e-4a0997d62b22','总公司 用户 ZGS1','2015-11-25 21:16:36','删除租赁信息,id是：e37fea66-af2a-4ab3-a387-9ff64f161e84','delSbook'),('7374db00-be72-4ed3-9df3-e8325ad79db6','总公司 超级管理员 super','2015-12-02 10:36:35','修改车辆信息,id:56c8c3fbf1ca3c629133442305bec750','editCar'),('9d2ab48e-81df-4b4e-9518-24acc2d9091c','总公司 超级管理员 super','2015-12-02 11:00:35','修改车辆信息,id:56c8c3fbf1ca3c629133442305bec750','editCar'),('3901b121-0d14-4bef-a626-c36fa3d7fc65','总公司 超级管理员 super','2015-12-02 11:01:14','修改车辆信息,id:56c8c3fbf1ca3c629133442305bec750','editCar'),('37cc5633-33ce-4977-b2be-a747c8d2ac3c','总公司 超级管理员 super','2015-12-08 12:09:13','修改车辆信息,id:003c60bb098308b0f6526e56bee91840','editCar'),('98489a0b-e65f-485b-b4eb-9156b1faa141','总公司 超级管理员 super','2015-12-08 12:09:16','修改车辆信息,id:00f9501528c143e050f19fb7a8a710ce','editCar'),('085f8134-3409-4f3d-ac68-c433e8c9b435','总公司 超级管理员 super','2015-12-08 12:09:19','修改车辆信息,id:01D14F60-EE1D-458F-B2EF-63B2CFC56762','editCar'),('7dde5b56-12f9-4fc2-90eb-f6563c073717','总公司 超级管理员 super','2015-12-08 12:09:22','修改车辆信息,id:01e9b9c917212ef82145dd4ce07cf330','editCar'),('35b71ee5-3d23-43ac-90d4-34d18858bb23','总公司 超级管理员 super','2015-12-08 12:09:24','修改车辆信息,id:01fce44b-f739-431f-95d5-98324bb83380','editCar'),('94d32f2d-3e5e-4906-b662-e70512cf9bc8','总公司 超级管理员 super','2015-12-08 12:09:27','修改车辆信息,id:02c0c412058b5a9776ab2945bd1eb664','editCar'),('b23efad6-1238-4194-a318-c17040e9cdd4','总公司 超级管理员 super','2015-12-08 12:09:30','修改车辆信息,id:02cc790a-eb99-40dc-9bc9-290977873fca','editCar'),('e09c0b42-bdfe-45c8-8005-58f000fd0f39','总公司 超级管理员 super','2015-12-08 12:09:32','修改车辆信息,id:030878ef-43a6-4fb4-b132-73a0c7c51243','editCar'),('36d27cff-8ff9-43dd-a244-f3152a9e8843','总公司 超级管理员 super','2015-12-08 12:09:35','修改车辆信息,id:03de7352f0a67b4a1b09a0a224669628','editCar'),('16755b1a-a1aa-4a75-ba19-a68a22cf9906','总公司 超级管理员 super','2015-12-08 12:09:38','修改车辆信息,id:03f18670-342b-4c50-9804-1a79c1e1f6b0','editCar'),('47e86f8f-46de-469a-a50b-7cd1ee4b8643','总公司 超级管理员 super','2015-12-08 12:09:42','修改车辆信息,id:041d84b6a775becd333354f5ec6cc0f6','editCar'),('f94e34e2-3cef-4c35-89d0-09fd8e201052','总公司 超级管理员 super','2015-12-08 12:09:48','修改车辆信息,id:045864580326f388f6458ee89c783598','editCar'),('81a1bad9-c106-4f61-810a-5bf210ace8f2','总公司 超级管理员 super','2015-12-08 12:09:53','修改车辆信息,id:047cc39fc25512c2a5664e09ccca51a8','editCar'),('e5838771-8b22-47ef-aa6e-8330b24b8e77','总公司 超级管理员 super','2015-12-08 12:09:58','修改车辆信息,id:0653BE15-4985-4DA8-A447-25AF0F61A437','editCar'),('4b99f3f1-4417-435e-8271-e5e0d0bb30d9','总公司 超级管理员 super','2015-12-08 14:30:34','修改车辆信息,id:003c60bb098308b0f6526e56bee91840','editCar'),('b9a546ba-3146-4ee5-9d11-8b159573d97f','总公司 超级管理员 super','2015-12-08 14:30:38','修改车辆信息,id:00f9501528c143e050f19fb7a8a710ce','editCar'),('b09ea1e8-20f4-4f2f-8b04-ab827f7704de','总公司 超级管理员 super','2015-12-08 14:30:46','修改车辆信息,id:01D14F60-EE1D-458F-B2EF-63B2CFC56762','editCar'),('fb952fe2-7115-4379-b109-d3377d4f9b04','总公司 超级管理员 super','2015-12-08 14:30:49','修改车辆信息,id:01D14F60-EE1D-458F-B2EF-63B2CFC56762','editCar'),('9b441f0b-fbec-4112-9d65-5145f1a725a4','总公司 超级管理员 super','2015-12-08 14:30:52','修改车辆信息,id:01e9b9c917212ef82145dd4ce07cf330','editCar'),('6a994dce-f89e-4b43-b457-559f29de2034','总公司 超级管理员 super','2015-12-08 14:30:55','修改车辆信息,id:01fce44b-f739-431f-95d5-98324bb83380','editCar'),('92ee2ac6-e9bb-4fca-9b2e-2468a905df8d','总公司 超级管理员 super','2015-12-09 15:39:32','修改车辆信息,id:58805724afe35cbf4e8e4ed110a32a5f','editCar'),('02390bad-aa7a-4ec1-833f-307a547dc607','总公司 超级管理员 super','2015-12-09 15:41:55','修改车辆信息,id:58805724afe35cbf4e8e4ed110a32a5f','editCar'),('48576aa1-c27f-4c96-a244-761559255cc6','总公司 超级管理员 super','2015-12-09 17:06:35','修改车辆信息,id:003c60bb098308b0f6526e56bee91840','editCar'),('b68fa9fc-3349-4da1-b6bc-337353a2930b','总公司 超级管理员 super','2015-12-09 17:07:42','修改车辆信息,id:003c60bb098308b0f6526e56bee91840','editCar');

/*Data for the table `user` */

insert  into `user`(`userid`,`name`,`nickname`,`email`,`phonenumber`,`role`,`dept`,`password`,`company`) values ('00d238b1-0336-44b3-a291-8be9903b1bea','JXGC1','检修工程公司1','检修工程公司1','检修工程公司1','admin','检修工程公司1','123456','1022'),('0645533e-38f6-4bdb-a273-749d833fe4bc','XM','厦门分公司','厦门分公司','厦门分公司','user','厦门分公司','123456','1002'),('0b9c5679-792c-444d-8345-4c92ff4b025c','GYGC','工业工程','工业工程','工业工程','user','工业工程','362111','1003'),('1111111','super','super','super1@126.com','18726352635','super','232','123456','1001'),('130d9574-7012-4f39-af43-c24afe2d7f4d','JGCD','机关车队','机关车队','机关车队','user','机关车队','123456','1021'),('1b4ad413-3cbb-45a0-a3e6-f9f7c0747a2f','NF','上海宝冶集团南京分公司','上海宝冶集团南京分公司','上海宝冶集团南京分公司','user','上海宝冶集团南京分公司','123456','1005'),('23f8c141-4e72-4dcc-b7df-248ed859ff04','GAGC1','工业安装工程公司1','工业安装工程公司1','工业安装工程公司1','admin','工业安装工程公司1','123456','1004'),('319a9ed7-45db-4226-9f34-66135475cb75','ZGS','总公司','总公司','总公司','admin','总公司','123456','1001'),('324d61b8-6a68-4328-b65a-8fafe9299d04','WZGC1','物资分公司1','物资分公司1','物资分公司1','admin','物资分公司1','123456','1008'),('37e88834-7590-4e7a-a4a4-4ee6dc57309e','XM1','厦门分公司1','厦门分公司1','厦门分公司1','admin','厦门分公司1','123456','1002'),('38e2317f-27b4-47a4-987b-4d732f537adc','GYGC1','工业工程1','工业工程1','工业工程1','admin','工业工程1','123456','1003'),('3aad0366-b7e1-4f8e-a2c4-a6c33dfd14a5','GAGC','工业安装工程公司','工业安装工程公司','工业安装工程公司','user','工安分公司','123456','1004'),('3ff5cf14-0999-4cff-aebc-5d56e0a8ce21','HF','合肥分公司','合肥分公司','合肥分公司','user','合肥分公司','123456','1012'),('401d6598-5f6e-4d00-9e40-8897e8a10f4b','ZH','上海宝冶集团装潢分公司','上海宝冶集团装潢分公司','上海宝冶集团装潢分公司','user','上海宝冶集团装潢分公司','123456','1010'),('419920b8-0e8a-4536-8399-9f7fdfbf01fa','CD1','成都分公司1','成都分公司1','成都分公司1','admin','成都分公司1','123456','1019'),('42743381-828f-4e45-bd94-009aa8ffca79','JGCD1','机关车队1','机关车队1','机关车队1','admin','机关车队1','123456','1021'),('4328c871-7241-4c31-9326-82f632dfc012','JZSJ1','建筑设计研究院1','建筑设计研究院1','建筑设计研究院1','admin','建筑设计研究院1','123456','1018'),('455180a2-ce04-4229-b498-67f453f0cb7f','JZGC1','建筑工程1','建筑工程1','建筑工程1','admin','建筑工程1','123456','1023'),('46d69a25-dde0-4f65-9b70-cc931b49521c','GGGC1','钢结构工程公司1','钢结构工程公司1','钢结构工程公司1','admin','钢结构工程公司1','123456','1024'),('4e5c19f4-413c-4ac5-add5-434d9043f941','SZGC','市政工程公司','市政工程公司','市政工程公司','user','市政工程公司','123456','1016'),('4f5ab891-c27d-4f10-b88f-583144c0eb60','HF1','合肥分公司1','合肥分公司1','合肥分公司1','admin','合肥分公司1','123456','1012'),('4faed15d-de64-4206-abca-9f109d92aaa6','LZ','兰州分公司','兰州分公司','兰州分公司','user','兰州分公司','123456','1011'),('51df6f45-e180-466d-8fa2-e3d21e29d988','GGGC','lemon','shniuniu @126.com','13524256276','user','企业管理部','123456','1024'),('56448306-3aff-436b-97dd-2648630e3997','NF1','上海宝冶集团南京分公司1','上海宝冶集团南京分公司1','上海宝冶集团南京分公司1','admin','上海宝冶集团南京分公司1','123456','1002'),('6081be24-08ea-4acc-98df-1ea06c71f957','JZSJ','建筑设计研究院','建筑设计研究院','建筑设计研究院','user','建筑设计研究院','123456','1018'),('6901ba3c-5d6a-4bee-bb6c-011931254cbe','ZH1','装潢分公司1','装潢分公司1','装潢分公司1','admin','装潢分公司1','123456','1010'),('6ec9915f-76da-4c9e-9a8f-1e4adf797e5a','AZGC1','安装工程1','安装工程1','安装工程1','admin','安装工程1','123456','1009'),('6f628adf-22a8-4ec8-b9af-e1177cd5da98','GYL1','工业炉1','工业炉1','工业炉1','admin','工业炉1','123456','1015'),('7045d545-240a-47f8-b1f7-03f2bf081210','ZZ','郑州分公司','郑州分公司','郑州分公司','user','郑州分公司','123456','1026'),('76eb2b0c-b9b4-4fc3-afcf-131c3e53ff17','AZGC','上海宝冶集团安装工程公司','上海宝冶集团安装工程公司','上海宝冶集团安装工程公司','user','上海宝冶集团电装分公司','123456','1009'),('7dd58395-86fd-4521-af98-e32eec5dbf4a','FCSYB1','房地产事业部1','房地产事业部1','房地产事业部1','admin','房地产事业部1','123456','1020'),('96eb7a4e-846d-4a0d-b089-ce50cbd2a662','AZSYB1','安装事业部1','安装事业部1','安装事业部1','admin','安装事业部1','123456','1013'),('97dce8a1-2915-4aa2-b882-3a242d662704','GLSYB1','高炉事业部1','高炉事业部1','高炉事业部1','admin','高炉事业部1','123456','1025'),('a1c67472-1691-472e-aa3e-cb4f1186e723','GYL','工业炉','工业炉','工业炉','user','工业炉','123456','1015'),('a564747f-8841-4298-81cb-3de6b32eb061','JZGC','建筑工程','建筑工程','建筑工程','user','建筑工程','123456','1023'),('b1994928-5444-4002-9e95-a3ac152f8d92','BYJT1','宝冶集团','宝冶集团','宝冶集团','admin','宝冶集团','123456','1006'),('b3e89795-da8f-40a4-ab36-d0e2768914a4','123','123','123','123','admin','123','123456','123'),('b5e0fb83-5ee5-4f31-8e34-d18d3a2c2102','LZ1','兰州分公司1','兰州分公司1','兰州分公司1','admin','兰州分公司1','123456','1011'),('bdc6ef7f-a50c-47e8-8822-a3e3fdd53c76','SY','上海宝冶集团有限公司沈阳分公司','2417498323@qq.com','13701603271','user','综合管理部','123456','1007'),('bff77539-0750-4121-82e1-54c12e6bc7cb','GLSYB','高炉事业部','高炉事业部','高炉事业部','user','高炉事业部','123456','1025'),('c2eab700-40d9-4f38-86d3-3fc455c2064b','BYJT','上海宝冶集团有限公司','上海宝冶集团有限公司','上海宝冶集团有限公司','user','上海宝冶集团有限公司','123456','1006'),('c56b5ea6-918a-42de-932d-86edb3e6a98f','GF1','广州分公司1','广州分公司1','广州分公司1','admin','广州分公司1','123456','1017'),('c9863a07-b72a-411b-b791-be63e19d7bba','CD','成都分公司','成都分公司','成都分公司','user','成都分公司','123456','1019'),('cb48a73c-1ee7-4b22-9711-8a63f9450732','JXGC','检修工程公司','检修工程公司','02156640940','user','物资管理部','123456','1022'),('cd3f5b5b-6e68-48ee-826e-bf800b8bca21','WZGC','上海宝冶集团物资分公司','上海宝冶集团物资分公司','上海宝冶集团物资分公司','user','上海宝冶集团物资分公司','123456','1008'),('cd62e33d-2e9c-4dda-8a37-fabf25fc0a77','SY1','上海宝冶集团沈阳分公司1','上海宝冶集团沈阳分公司1','上海宝冶集团沈阳分公司1','admin','上海宝冶集团沈阳分公司1','123456','1007'),('d1a039eb-3e8e-4e82-83f3-aa9beec3369a','GCJS','宝冶工程技术有限公司','宝冶工程技术有限公司','宝冶工程技术有限公司','user','宝冶工程技术有限公司','123456','1014'),('d2fce3b2-82a6-4d8f-8e5a-7960c5061ad9','GCJS1','宝冶工程技术有限公司1','宝冶工程技术有限公司1','宝冶工程技术有限公司1','admin','宝冶工程技术有限公司1','123456','1014'),('d350fe36-8d14-42a5-a722-4a1d5540a298','1234','1234','1234','1234','user','1234','123456','1234'),('d4b06897-1dfa-4010-84ed-72d85fe6ff18','ZG1','直管项目部1','直管项目部1','直管项目部1','admin','直管项目部1','123456','1027'),('d5650a22-8922-4065-a662-86dc8c5773c3','ZGS1','总公司1','总公司1','总公司1','user','总公司1','123456','1001'),('db1ce489-635e-4f9a-b613-bcedfa05da30','AZSYB','安装事业部','安装事业部','安装事业部','user','安装事业部','123456','1013'),('dec605dc-b17a-4e97-a500-ac9e340bd035','ZZ1','郑州分公司1','郑州分公司1','郑州分公司1','admin','郑州分公司1','123456','1026'),('e19c86b5-258d-45d9-bbe9-7f044ef8a81e','FCSYB','房地产事业部','房地产事业部','房地产事业部','user','房地产事业部','123456','1020'),('e2150d3e-9516-43a4-b141-92f1f7519cff','ZG','直管项目部','直管项目部','直管项目部','user','直管项目部','123456','1027'),('e6e8ffc3-c223-4bf9-9d6c-38c2dc6b5a8c','SZGC1','市政工程公司1','市政工程公司1','市政工程公司1','admin','市政工程公司1','123456','1016'),('f581e583-0131-4e38-b0c2-64e9bd2bc883','GF','广州分公司','广州分公司','广州分公司','user','广州分公司','123456','1017');